apple_music_id,artist,name,key,bpm,djay_bpm,djay_manual_bpm,apple_music_bpm,djay_am_bpm_diff,open_key,comment,key_diff
-1041100664647592315,Hunee,Rare Hapiness,,120.0,120.0,,120,0.0,Key 4m,Key 10m,+6
3105079538647935745,Miss Kittin & The Hacker,The Beach,,131.06,131.06,,131,0.06,Key 4m,Key 10m,+6
93769987669143669,Bruce Haack,Haackula 10,,109.4,109.4,,110,-0.6,Key 4m,Key 10m,+6
-2190445680687021937,Luvless,Luvmaschine Original Mix,,114.0,114.0,,114,0.0,Key 8m,Key 1m,+5
-2075811033732871227,Superpitcher,Lonely Lover,,122.01,122.01,,122,0.01,Key 8d,Key 3m,-5*
537082855769906101,Robag Wruhme,Lampetee,,125.0,125.0,,125,0.0,Key 3m,Key 8m,+5
3254338874554366955,Tourist & Sofia Kourtesis,Your Love (Sofia Kourtesis Remix),,124.0,124.0,,124,0.0,Key 1d,Key 8m,-5*
3593557186480901802,DJ Koze,I Want To Sleep,,121.0,121.0,,121,0.0,Key 3m,Key 11m,-4
5607585844349488110,FCL,It's You (San Soda's Panorama Bar Version),,119.0,119.0,,119,0.0,Key 7m,Key 11m,+4
4574860205344389846,&ME,Solaris,,120.0,120.0,,120,0.0,Key 9m,Key 5m,-4
2133198106254836756,Black Loops,Velvet,,126.0,126.0,,126,0.0,Key 2m,Key 10m,-4
-6147459347040690172,Agaric,No Way I Know I Feel (Axel Boman Remix),,122.0,122.0,,122,0.0,Key 5d,Key 2m,-3*
-4826219367881408504,Amount,Meme,,117.0,117.0,,117,0.0,Key 7d,Key 4m,-3*
-5341903002434053685,Caserta,Ricky (Thatmanmonkz Remix),,117.0,117.0,,117,0.0,Key 11m,Key 2d,+3*
-1016370775152475387,Channel Tres,Sexy Black Timberlake,,116.85,116.85,,117,-0.15,Key 3m,Key 12m,-3
-1550680455717370447,Genius Of Time,Houston We Have A Problem,,117.0,117.0,,117,0.0,Key 3d,Key 6m,+3*
8637315364145261260,Maxxi Soundsystem feat. Name One,Regrets We Have No Use For (Original Mix),,118.0,118.0,,118,0.0,Key 9d,Key 6m,-3*
-7038306849621541798,Burial & Four Tet,Moth (Original Mix),,117.62,117.62,,117,0.62,Key 3d,Key 12m,-3*
2871207577135679659,Axel Boman,The Best Ever Made Ever,,126.0,126.0,,126,0.0,Key 4d,Key 1m,-3*
390601428288667923,Galcher Lustwerk,In the Place,,126.0,126.0,,126,0.0,Key 11m,Key 2d,+3*
8717684724607093260,Jon Hopkins,Vessel (Four Tet Remix),,135.6,135.6,,136,-0.4,Key 9d,Key 6m,-3*
-8436076418618788922,Mano Le Tough,Energy Flow (DJ Koze's Miles&More Remix),,124.0,124.0,,124,0.0,Key 12d,Key 9m,-3*
-3398639688651704755,Marie Davidson,Work It (Soulwax Remix),,125.0,125.0,,125,0.0,Key 2d,Key 11m,-3*
-1042223092817879157,PJ,"Everything In Its Right Place (House, Extended)",,124.0,124.0,,124,0.0,Key 1d,Key 10m,-3*
6269445353626103086,Chemise,She Can't Love You,,113.76,113.76,,115,-1.24,Key 3m,Key 12d,-3*
-1988442213491485508,Black Loops,Sex,,121.0,121.0,,121,0.0,Key 1m,Key 11m,-2
1616447913451187609,Joe Gray,Tozai,,115.99,115.99,,116,-0.01,Key 6m,Key 8d,+2*
-6538356273024525486,Audision,Red Sky (Robag Wruhme Remix),,124.01,124.01,,124,0.01,Key 12m,Key 2m,+2
5740122374999478625,The Cure,Alone (Four Tet Remix),,129.0,129.0,,129,0.0,Key 1d,Key 11m,-2*
-7045003514904937601,DJ Koze,Hicc Up,,124.52,124.52,,125,-0.48,Key 11m,Key 1m,+2
2068579032242441391,Literon,Machine I,,126.0,126.0,,126,0.0,Key 8m,Key 10m,+2
-4602658741407229115,Superpitcher,Mushroom,,125.6,125.6,,126,-0.4,Key 1d,Key 11m,-2*
-1203581180132727585,Brenton Wood,I'm the One Who Knows,,108.3,108.3,,108,0.3,Key 1d,Key 11m,-2*
113827849185282199,Khruangbin & Leon Bridges,Texas Sun,,111.6,111.6,,112,-0.4,Key 3d,Key 1m,-2*
-1763766677364066068,Agoria,Solarized,,121.98,121.98,,122,-0.02,Key 12m,Key 11m,-1
-993055991867181152,Aleksandir,Dreams,,119.0,119.0,,119,0.0,Key 6m,Key 7m,+1
-5241284092570830449,AQUARIUS HEAVEN,Universe,,120.0,120.0,,120,0.0,Key 3m,Key 2m,-1
1576184741139438427,Arutani,If It Means This Much To You,,117.0,117.0,,117,0.0,Key 3m,Key 2m,-1
6602896121908246392,Ben Pearce,What I Might Do,,122.0,122.0,,122,0.0,Key 11m,Key 10m,-1
-707233682321719874,Bostro Pesopeo,Yes,,120.0,120.0,,120,0.0,Key 1m,Key 12m,-1
7443157208337304765,Botany,Vision of This Earth Before Our Time,,111.0,111.0,,111,0.0,Key 1d,Key 12m,-1*
-4490884888249493357,Brigade feat. Acud,Meet Me On Pluto!,,110.0,110.0,,110,0.0,Key 10m,Key 11m,+1
-7889535770978044983,Daniel Bortz,Cuz You're the One,,111.0,111.0,,111,0.0,Key 5m,Key 4m,-1
4454297499437696632,Daniela La Luz,Did You Ever,,120.0,120.0,,120,0.0,Key 1d,Key 2m,+1*
-7327094503829530315,DJ Boring,Winona,,122.0,122.0,,122,0.0,Key 10m,Key 11m,+1
-7897769894432822049,DJ Koze,XTC (Original Mix),,118.0,118.0,,118,0.0,Key 1d,Key 12m,-1*
4044238728449588895,DJ Koze feat. Eddie Fummler,Moving in a Liquid,,118.0,118.0,,118,0.0,Key 7m,Key 8d,+1*
-8172646936676085917,Fred again..,Kyle (I Found You),,112.0,112.0,,112,0.0,Key 11m,Key 10d,-1*
-7612830126033085477,Hodini,Chronic Gangster Boogie,,118.0,118.0,,118,0.0,Key 11m,Key 10m,-1
-1757175931376296420,Isabeau Fort & Kalipo,Sometimes,,110.0,110.0,,110,0.0,Key 1m,Key 2m,+1
6814686393328195900,Jabru feat. Joel Culpepper,Church,,120.0,120.0,,120,0.0,Key 1m,Key 2d,+1*
4159827274565712762,Jacob Mikesh Filburt,At the Ranch (Lauer Remix),,117.0,117.0,,117,0.0,Key 10m,Key 9d,-1*
6019201540118438345,Jamie xx feat. Romy,Loud Places,,109.0,109.0,,109,0.0,Key 7d,Key 6m,-1*
-1152319149289549653,Jitwam,Whereyougonnago?,,118.0,118.0,,118,0.0,Key 12m,Key 11m,-1
-3099748341900849635,Jürgen Paape,So Weit Wie Noch Nie,,119.99,119.99,,120,-0.01,Key 8d,Key 9m,+1*
6301036291455673116,kalupke,deep talk,,117.0,117.0,,117,0.0,Key 4m,Key 3m,-1
5735180602174384114,Keinemusik feat. Ali Love,Confusion,,120.0,120.0,,120,0.0,Key 11m,Key 10m,-1
4366919145322798016,Keinemusik feat. Sofie,Discoteca Dub,,120.0,120.0,,120,0.0,Key 5m,Key 4m,-1
-4419493009642392774,Lake People,Point In Time,,120.0,120.0,,120,0.0,Key 5m,Key 4d,-1*
5479791432407886535,Lokke & Wodoo Wolcan,00deep und das gefährliche Unterstrassphantom,,113.0,113.0,,113,0.0,Key 7m,Key 6m,-1
-3966674594763498788,Morning Factory,Diane's Love,,116.0,116.0,,116,0.0,Key 3m,Key 2m,-1
-1107922700146221205,Ninze,Cloud N°7,,115.0,115.0,,115,0.0,Key 8m,Key 7m,-1
-8287164466494660950,Osunlade,Dionne,,120.0,120.0,,120,0.0,Key 12m,Key 11m,-1
-2617904593895345791,Robag Wruhme,Tulpa Ovi,,120.0,120.0,,120,0.0,Key 2d,Key 1m,-1*
2017298544361737566,Round,Lucky Star,,117.0,117.0,,117,0.0,Key 12m,Key 11m,-1
-3050373675599917392,She Knows,Thalassa (Original Mix),,121.0,121.0,,121,0.0,Key 7d,Key 8d,+1
-19128524033796391,Tomas Barfod,Came To Party,,104.0,104.0,,104,0.0,Key 1m,Key 12d,-1*
-7866822820757298239,upper class,CONVENTIONAL PARTIES,,120.0,120.0,,120,0.0,Key 3m,Key 2m,-1
3078844038719059858,Everything But The Girl,Walking Wounded,,78.0,78.0,,78,0.0,Key 6m,Key 5m,-1
-4830955274663771791,Aluna & KAYTRANADA,The Recipe (Bella Boo Remix),,126.0,126.0,,126,0.0,Key 11m,Key 10m,-1
7808400948320171855,Andre Lodemann,Where Are You Now,,126.0,126.0,,126,0.0,Key 8m,Key 9m,+1
-1187099087531568096,Barry Can't Swim,Fiorucci Made Me Hardcore,,137.0,137.0,,137,0.0,Key 3m,Key 2m,-1
-40282001757965069,Bella Boo,True Romance (Maja Edit),,126.0,126.0,,126,0.0,Key 8d,Key 9m,+1*
4828034881631250974,Butch,Dope,,123.0,123.0,,123,0.0,Key 7m,Key 8m,+1
-6948314719302007257,Calibre,Things like This,,175.0,175.0,,175,0.0,Key 1m,Key 12m,-1
218895051335754809,Daphni,Tin,,127.0,127.0,,127,0.0,Key 2m,Key 1m,-1
6766537680350598542,Daso,T. Anders,,128.0,128.0,,128,0.0,Key 1m,Key 12m,-1
-8798203659117990838,Dauwd,Ikopol,,126.0,126.0,,126,0.0,Key 12m,Key 11m,-1
4524539483193774019,DJ Koze,Mariposa,,124.01,124.01,,124,0.01,Key 5m,Key 4m,-1
8203824934656792969,Fred again..,Dermot (See Yourself In My Eyes),,150.0,150.0,,150,0.0,Key 2d,Key 1d,-1
-52578666955365534,Galcher Lustwerk,Outside the Club,,124.0,124.0,,124,0.0,Key 11m,Key 10m,-1
-8094045188639699378,Genius Of Time,Peace Bird,,124.0,124.0,,124,0.0,Key 11m,Key 10m,-1
1479657438848574273,Guti,We Shall Overcome,,123.0,123.0,,123,0.0,Key 11m,Key 10m,-1
1394111938167929366,Guti & Dubshape,Every Cow Has A Bird,,124.0,124.0,,124,0.0,Key 6m,Key 5m,-1
8786674993895568321,Head High,Break Away,,128.0,128.0,,128,0.0,Key 2d,Key 1m,-1*
6008651176952474001,Jeigo,Pearl Leaf,,129.0,129.0,,129,0.0,Key 11m,Key 10m,-1
35977874145636454,José González,Heartbeats (Logic1000 Remix),,124.0,124.0,,124,0.0,Key 8m,Key 7m,-1
-5017383197214221551,Larry Heard & Mr. White,The Sun Can't Compare (Long Version),,128.0,128.0,,128,0.0,Key 2m,Key 1m,-1
-4881695016634322802,Marcel Fengler,Jaz,,126.0,126.0,,126,0.0,Key 4d,Key 3d,-1
8515264794114754057,Max von Sternberg,Moving (Sofia Kourtesis Remix),,124.0,124.0,,124,0.0,Key 1m,Key 2m,+1
1473143316093082155,Meera (NO),No Space,,124.0,124.0,,124,0.0,Key 11m,Key 12m,+1
6552260486764636344,The MFA,The Difference It Makes (Superpitcher Mix),,126.0,126.0,,126,0.0,Key 5m,Key 4d,-1*
-7218034917291448282,Mount Kimbie,Made To Stray (DJ Koze Remix),,125.0,125.0,,125,0.0,Key 8m,Key 7m,-1
7492837625790901235,not even noticed,Affected,,135.0,135.0,,135,0.0,Key 2m,Key 1m,-1
-7045974142339870800,Overmono,Good Lies,,126.0,126.0,,126,0.0,Key 10d,Key 9m,-1*
2671138780264972249,Pachanga Boys,Time,,124.0,124.0,,124,0.0,Key 12d,Key 11m,-1*
4594182945475060106,Raphael Schön,Energy,,133.0,133.0,,133,0.0,Key 10m,Key 11m,+1
1289229825707827837,Rework,You're So Just Just,,128.0,128.0,,128,0.0,Key 9m,Key 8d,-1*
5439167543615706885,Róisín Murphy,What Not To Do,,149.0,149.0,,149,0.0,Key 12m,Key 11d,-1*
-1240621798249027145,Steffi feat. Virginia,Yours,,125.0,125.0,,125,0.0,Key 12m,Key 1m,+1
-4543547373182138762,Tony Lionni,Found a Place,,124.74,124.74,,125,-0.26,Key 11m,Key 10m,-1
-693606104447566687,Westbam feat. Richard Butler,You Need the Drugs,,128.0,128.0,,128,0.0,Key 7m,Key 6m,-1
-278947713659329127,splonie,Do It To Me (Original Mix),,124.0,124.0,,124,0.0,Key 2m,Key 3m,+1
-4615044007882525770,Fred again..,Yasminah (See Your Face Again),,118.0,118.0,,118,0.0,Key 6m,Key 5m,-1
2993616516544629278,Fred again.. & The Blessed Madonna,Marea (We’ve Lost Dancing),,123.0,123.0,,123,0.0,Key 8m,Key 9m,+1
6687214374290980198,Ede & Deckert feat. Sargland,"Narciss ""Venice"" Remix",,131.0,131.0,,131,0.0,Key 6m,Key 7m,+1
-8025170460042274911,"Fred again.., Jozzy, Jim Legxacy",ten,,128.2,128.2,,128,0.2,Key 3d,Key 2m,-1*
-8947638436345153808,Daphni,Yes I Know,,116.0,116.0,,116,0.0,Key 4m,Key 3d,-1*
5118930729986298770,Aaron Ahrends,Little Space,,120.0,120.0,,120,0.0,Key 12m,Key 12m,+0
5924770997137196861,Against All Logic,Such a Bad Way,,111.0,111.0,,111,0.0,Key 9d,Key 9d,+0
2765481004266052142,Akufen,Train To Barcelona,,120.0,120.0,,120,0.0,Key 3d,Key 3d,+0
-7229582590791078386,Al Rajul Al Hadidi,Void,,98.0,98.0,,98,0.0,Key 9m,Key 9m,+0
-5858397837668005710,Aleksandir,Yamaha,,121.0,121.0,,121,0.0,Key 10m,Key 10m,+0
5558795033755423263,Andre Bratten,Aegis,,118.0,118.0,,118,0.0,Key 9m,Key 9m,+0
3881143946558082442,Andy Pickford,Temple of The Wonklord,,112.0,112.0,,112,0.0,Key 3m,Key 3m,+0
-94155795888975763,Aphex Twin,Iz-Us,,119.0,119.0,,119,0.0,Key 7m,Key 7m,+0
923548548537117844,Arutani,Any Kind of Magic,,117.0,117.0,,117,0.0,Key 8d,Key 8m,+0*
6057117848794901314,Arutani & Faber,Summon Ghosts,,115.0,115.0,,115,0.0,Key 11m,Key 11m,+0
3890875623303360691,Axel Boman,Eyes Of My Mind,,122.0,122.0,,122,0.0,Key 1d,Key 1d,+0
-1955590648952392930,Axel Boman,Hello,,118.0,118.0,,118,0.0,Key 11m,Key 11m,+0
-5760345974743762960,Axel Boman,Purple Drank,,119.0,119.0,,119,0.0,Key 3m,Key 3m,+0
-1345405382556863012,Behling and Simpson,Left Behind,,113.0,113.0,,113,0.0,Key 2m,Key 2m,+0
5630613999294536276,Bibio,Lovers Carvings (Catz 'n Dogz Re-edit),,122.0,122.0,,122,0.0,Key 9m,Key 9m,+0
-4336282834212606353,Bicep,Just (Original Mix),,120.0,120.0,,120,0.0,Key 12m,Key 12m,+0
-568798213694166175,COMA,Lora (Robag's Fandara Qualv NB),,119.0,119.0,,119,0.0,Key 3d,Key 3m,+0*
-7169012602955485702,Constantijn Lange,Snagsens Delight,,93.0,93.0,,93,0.0,Key 6m,Key 6m,+0
6529080097303897323,DAMH,Black Night,,120.0,120.0,,120,0.0,Key 2m,Key 2m,+0
-6601070336429445998,Daniel Bortz,Boyz 2 Men (Original Mix),,120.0,120.0,,120,0.0,Key 1m,Key 1m,+0
-4757175869218425655,Daniel Bortz,Wohin Willst Du?,,120.0,120.0,,120,0.0,Key 12m,Key 12m,+0
-2177980953182480184,Dave DK,Don't Eat The Homies,,121.0,121.0,,121,0.0,Key 6m,Key 6m,+0
664119657854388720,Dave DK,Jelly Legs,,120.0,120.0,,120,0.0,Key 6d,Key 6m,+0*
1094811722511994953,Dave DK,Will Be Gone,,122.0,122.0,,122,0.0,Key 7m,Key 7m,+0
1789459631927062184,David August,Epikur,,118.0,118.0,,118,0.0,Key 9m,Key 9m,+0
629804561382532414,DJ Koze,Seeing Aliens,,119.0,119.0,,119,0.0,Key 11d,Key 11m,+0*
-2285177982199502665,DJ Koze,My Grandmotha,,118.01,118.01,,118,0.01,Key 8d,Key 8d,+0
3157503393842217991,DJ Koze,Buschtaxi (Extended Version),,120.0,120.0,,120,0.0,Key 4m,Key 4m,+0
-8772676235962720807,DJ Koze feat. Ada,Homesick,,97.0,97.0,,97,0.0,Key 1m,Key 1m,+0
644566616497295789,DJ Koze feat. Apparat,Nices Wölkchen,,120.0,120.0,,120,0.0,Key 8d,Key 8d,+0
6877959556069690737,DJ Koze feat. Arnim Teutoburg-Weiß und The Düsseldorf Düsterboys,Wie schön du bist,,117.0,117.0,,117,0.0,Key 9m,Key 9m,+0
6669088011983288927,DJ Phono,Gone,,122.0,122.0,,122,0.0,Key 10m,Key 10m,+0
-8062943470044357536,DJ Phono,Knarhcslhük Mi Ttinhcsfua Hcon Ebah Hci,,121.0,121.0,,121,0.0,Key 11m,Key 11m,+0
-4131925009697991208,Dominik Eulberg,Sansula (Max Cooper's Lost In Sound Mix),,121.0,121.0,,121,0.0,Key 1m,Key 1m,+0
623410646784030503,Dorisburg,Emotion,,122.0,122.0,,122,0.0,Key 1m,Key 1m,+0
-5639804195476274594,Dorothy's Ghost,Never Said Goodbye (Lee Waxman's Long Hot Disco Mix),,115.0,115.0,,115,0.0,Key 12m,Key 12m,+0
3321866976242804566,Dürerstuben,Trunce Zen Dance,,116.0,116.0,,116,0.0,Key 7m,Key 7m,+0
-5307417430491785433,dwig,one for good,,97.5,97.5,,98,-0.5,Key 7m,Key 7m,+0
3364475017115294024,ELIXIR,Aconite,,111.0,111.0,,111,0.0,Key 9m,Key 9m,+0
-1142451871087440255,Fango,Betta,,120.0,120.0,,120,0.0,Key 11m,Key 11m,+0
-3297721473452111537,Fort Romeau,Secrets & Lies,,120.0,120.0,,120,0.0,Key 11m,Key 11m,+0
-6326260578464213578,Frank & Tony feat. Gry,Bring the Sun (Vocal),,114.0,114.0,,114,0.0,Key 1m,Key 1m,+0
-8007705447946019559,Frankey & Sandrino,Acamar,,120.0,120.0,,120,0.0,Key 1m,Key 1m,+0
-4906264432296496955,Fred again..,Bleu (better with time),,122.0,122.0,,122,0.0,Key 6d,Key 6m,+0*
5501887514845528421,Galcher Lustwerk,Parlay,,119.0,119.0,,119,0.0,Key 8m,Key 8m,+0
833952629755050,Galcher Lustwerk,Put On,,121.5,121.5,,122,-0.5,Key 3m,Key 3m,+0
-446766022501049772,Galcher Lustwerk,I Neva Seen,,118.0,118.0,,118,0.0,Key 9m,Key 9m,+0
6492903485579808714,Glok,That Time of Night,,116.0,116.0,,116,0.0,Key 10m,Key 10m,+0
8986200716704961337,Gregor Schwellenbach feat. Christian Buck,Superpitcher’s Tomorrow,,94.0,94.0,,94,0.0,Key 2d,Key 2m,+0*
8512659358000451275,Guti,Patio de juegos,,122.0,122.0,,122,0.0,Key 3m,Key 3m,+0
1974117155086037343,Guy Gerber,What To Do (&ME Remix),,122.0,122.0,,122,0.0,Key 10m,Key 10m,+0
2118039170142216861,Gwilym Gold & Doc Daneeka,Lust For Sale (MGF Mix),,121.0,121.0,,121,0.0,Key 9m,Key 9m,+0
1739816367822923873,Herbert,It's Only (DJ Koze Remix),,118.0,118.0,,118,0.0,Key 4m,Key 4m,+0
-7162002396809533115,HNNY,12 00,,118.0,118.0,,118,0.0,Key 9m,Key 9m,+0
-3634902526328489924,Hot Natured,Benediction,,116.0,116.0,,116,0.0,Key 1m,Key 1m,+0
-2593304312278865326,The Invisible feat. Connan Mockasin,K Town Sunset (Tee Mango Summer Daze Revision),,119.0,119.0,,119,0.0,Key 11m,Key 11m,+0
4945362780685598928,Iron Curtis,Lucent (Original Mix),,119.0,119.0,,119,0.0,Key 9m,Key 9m,+0
4730276846874544397,Isolee,I Like It Here Can I Stay,,120.0,120.0,,120,0.0,Key 1m,Key 1m,+0
7902396916514851131,Isolée,Allowance,,120.0,120.0,,120,0.0,Key 1m,Key 1m,+0
4492187744495502467,Jackmate feat. Nik Reiff,Pacemaker,,120.0,120.0,,120,0.0,Key 11m,Key 11m,+0
-5763333568490936263,Jacob Mikesh Filburt,Philipp Dolphia,,116.0,116.0,,116,0.0,Key 7d,Key 7m,+0*
393292672924426404,Jamie XX feat. Young Thug & Popcaan,I Know There's Gonna Be (Good Times),,89.5,89.5,,90,-0.5,Key 3m,Key 3m,+0
6236764911369615890,Jamie XX,Sleep Sound,,118.2,118.2,,118,0.2,Key 10m,Key 10m,+0
2206076455905859951,Jayda G,All I Need (DJ-Kicks),,120.0,120.0,,120,0.0,Key 2m,Key 2m,+0
-1930755565674832180,Jimpster,Porchlight And Rocking Chairs (KiNK Remix),,120.0,120.0,,120,0.0,Key 10d,Key 10m,+0*
7242406951665744128,Joe Stawarz,Bee Bear,,120.0,120.0,,120,0.0,Key 1m,Key 1m,+0
-2184625639753560364,John Talabot feat. Pional,So Will Be Now,,117.0,117.0,,117,0.0,Key 9m,Key 9m,+0
7468507413304770632,Jon Hopkins,Sun Harmonics,,118.0,118.0,,118,0.0,Key 2d,Key 2d,+0
-8657101418717907301,Joy Jenkins,Flowers,,120.0,120.0,,120,0.0,Key 12m,Key 12m,+0
3444849648932737616,Keinemusik,What You Expected,,122.0,122.0,,122,0.0,Key 2m,Key 2m,+0
1218550728542419718,Keinemusik,Muyè,,120.0,120.0,,120,0.0,Key 1m,Key 1m,+0
-7910291475826423363,Keinemusik feat. Nomi Ruiz,Bumper,,120.0,120.0,,120,0.0,Key 1m,Key 1m,+0
2408419544984801267,Kiasmos,Looped,,120.0,120.0,,120,0.0,Key 11m,Key 11m,+0
-1482847748072480717,Lady Alma,It's House Music,,120.0,120.0,,120,0.0,Key 11m,Key 11m,+0
-9175606036320139693,Lauer feat. Dena,Make It Stay (Boris Dlugosch Remix),,122.0,122.0,,122,0.0,Key 1d,Key 1d,+0
-5225462014731157303,Lawrence,Glow,,121.0,121.0,,121,0.0,Key 12m,Key 12m,+0
-8356137033194206961,Leafar Legov,Cenote,,120.0,120.0,,120,0.0,Key 11m,Key 11m,+0
7941195832775621978,Leon Vynehall,Time,,119.99,119.99,,120,-0.01,Key 4m,Key 4m,+0
595488912866712317,Leon Vynehall,Butterflies,,120.0,120.0,,120,0.0,Key 10m,Key 10m,+0
-8656412931983252698,Les Sins,Grind,,120.0,120.0,,120,0.0,Key 8m,Key 8m,+0
-7073656316195896404,Letherette,Langsette,,114.0,114.0,,114,0.0,Key 11d,Key 11m,+0*
-2325399072246630344,Logic1000,Fused (DJ - Kicks),,98.0,98.0,,98,0.0,Key 4m,Key 4m,+0
5521436990675112239,Lokke,Tuo Volto,,115.0,115.0,,115,0.0,Key 1m,Key 1m,+0
-8653438490928766201,Luca Musto,Word,,114.0,114.0,,114,0.0,Key 5m,Key 5m,+0
-4907764437845027756,Luca Musto,Tight Situation,,109.0,109.0,,109,0.0,Key 12m,Key 12m,+0
3472006066853710211,Maceo Plex,Can't Leave You (Original Mix),,121.0,121.0,,121,0.0,Key 12m,Key 12m,+0
-8946897961646146718,Maceo Plex,Her Security,,120.0,120.0,,120,0.0,Key 3d,Key 3d,+0
-841682508963960400,Maceo Plex,Your Style (Maceo Plex Re-visit),,122.0,122.0,,122,0.0,Key 9m,Key 9m,+0
9018061109031782142,Map.Ache,Enola (Original Mix),,121.0,121.0,,121,0.0,Key 1m,Key 1m,+0
-1166790865708347174,Maribou State feat. Pedestrian,The Clown (Axel Boman Remix),,116.0,116.0,,116,0.0,Key 1m,Key 1m,+0
5699899632460125763,"&ME, Black Coffee, Keinemusik",The Rapture Pt.III,,120.0,120.0,,120,0.0,Key 1m,Key 1m,+0
-6311773487798049096,Melanie De Biasio,Afro Blue,,102.0,102.0,,102,0.0,Key 1m,Key 1m,+0
-7876756274182519337,Midlake,Roscoe (Beyond The Wizard's Sleeve Remix),,121.7,121.7,,121,0.7,Key 6d,Key 6m,+0*
7865468166400464940,Moderat,Bad Kingdom (DJ Koze Remix),,118.0,118.0,,118,0.0,Key 1m,Key 1m,+0
-8485693534024804116,Moodymann,Shades Of Jae,,120.6,120.6,,121,-0.4,Key 11m,Key 11m,+0
4981932679109136640,Mosley Jr,My Friend Steve,,110.0,110.0,,110,0.0,Key 11m,Key 11m,+0
4819499593723479256,mytripismytrip,patience,,102.0,102.0,,102,0.0,Key 1d,Key 1m,+0*
-3214879969226816571,Neşe Karaböcek,Yali Yali (Todd Terje Edit),,116.0,116.0,,116,0.0,Key 12m,Key 12m,+0
4965701715304683366,Nhar,Warp 8,,121.0,121.0,,121,0.0,Key 5m,Key 5m,+0
7844228642996535804,Nicolas Jaar,Can't See What Is Burning There,,107.0,107.0,,107,0.0,Key 1m,Key 1m,+0
-1064965959223912633,Nightmares On Wax,Les Nuits,,94.64,94.64,,95,-0.36,Key 10m,Key 10m,+0
-4702272871301271010,Niju,Idea of Unity,,100.0,100.0,,100,0.0,Key 1m,Key 1m,+0
-107232964050934553,Ninze,Nice First Song,,107.0,107.0,,107,0.0,Key 10m,Key 10m,+0
-8177101682543646260,Noir & Haze,Around (Solomun Vox),,115.0,115.0,,115,0.0,Key 9m,Key 9m,+0
-4675826633507940751,Norken & Deer,Remember that feeling,,121.0,121.0,,121,0.0,Key 3m,Key 3m,+0
-6313808189294049841,Nutia,Backand4,,108.0,108.0,,108,0.0,Key 2m,Key 2m,+0
1937144846461283045,Pachanga Boys,Drunken Dancer,,115.84,115.84,,116,-0.16,Key 9m,Key 9m,+0
5359692276108508695,Panthera Krause,Through My Mind,,121.0,121.0,,121,0.0,Key 9d,Key 9d,+0
1732782199235839744,Pavla & Noura,Don't Owe Me a Thing,,94.0,94.0,,94,0.0,Key 12d,Key 12m,+0*
-6204130390970428356,Portable feat. L_Cio,Surrender,,120.0,120.0,,120,0.0,Key 3d,Key 3d,+0
2095064792119239611,Powel,I Don't Waste My Tears on You,,120.0,120.0,,120,0.0,Key 11d,Key 11m,+0*
-8995335096116301045,Rampa,Necessity,,120.0,120.0,,120,0.0,Key 3m,Key 3m,+0
-1211586218857913775,Ray Mang,Look Into My Eyes,,110.0,110.0,,110,0.0,Key 9m,Key 9m,+0
-7103716141534782741,Recondite,Felicity,,121.0,121.0,,121,0.0,Key 8m,Key 8m,+0
-703186357315071812,Robag Wruhme,Nata Alma (Club Smash Hit Version),,118.0,118.0,,118,0.0,Key 1m,Key 1m,+0
-3891103229564186865,Robag Wruhme,Venq Tolep (Hit Club Version),,122.0,122.0,,122,0.0,Key 2d,Key 2d,+0
820240586566521580,Róisín Murphy,You Knew,,120.0,120.0,,120,0.0,Key 11m,Key 11m,+0
-7042832767914413345,Roman Flugel,9 Years (DJ Koze Remix),,120.0,120.0,,120,0.0,Key 9m,Key 9m,+0
-3938644933872790028,Round,Glass,,120.0,120.0,,120,0.0,Key 11m,Key 11m,+0
-2511681517962179613,Saâda Bonaire,You Could Be More As You Are,,110.2,110.2,,110,0.2,Key 2m,Key 2m,+0
-3561008444983473345,Sailor & I,Tough Love (Aril Brikha Remix),,107.0,107.0,,107,0.0,Key 5d,Key 5d,+0
1003779461248202951,San Proper,It's Here,,114.5,114.5,,114,0.5,Key 7m,Key 7m,+0
1211436493483396364,Shinichi Atobe,Regret,,120.0,120.0,,120,0.0,Key 8m,Key 8m,+0
4553529316625210071,Sofia Kourtesis,By Your Side,,122.0,122.0,,122,0.0,Key 9m,Key 9m,+0
-7558042711820865805,Sofia Kourtesis,Si Te Portas Bonito,,122.0,122.0,,122,0.0,Key 4m,Key 4m,+0
-9118675462301238593,Super Flu,Jo Gurt (DJ Koze Remix),,118.0,118.0,,118,0.0,Key 2d,Key 2m,+0*
-6312135998724742938,Superpitcher,Little Raver (Original Mix),,110.0,110.0,,110,0.0,Key 10m,Key 10m,+0
-2686924156793753642,Superpitcher,Smile It's a New Day,,114.01,114.01,,114,0.01,Key 4m,Key 4m,+0
5768945602863182996,Superpitcher,Tomorrow (Original Mix),,94.5,94.5,,95,-0.5,Key 2m,Key 2m,+0
7948804271859766238,Superpitcher feat. Fantastic Twins,Brothers,,119.0,119.0,,119,0.0,Key 11m,Key 11m,+0
2577202230837236929,Talaboman,Loser’s Hymn,,118.0,118.0,,118,0.0,Key 11m,Key 11m,+0
-8110752823043040817,TEE MANGO,Of All The Places Left To Dance (Original Mix),,122.0,122.0,,122,0.0,Key 2m,Key 2m,+0
1957695949748483893,Tell,I Lost 200€ In A Club,,117.3,117.3,,117,0.3,Key 8m,Key 8m,+0
8669397470592995192,Till von Sein,Love T.K.O.,,118.0,118.0,,118,0.0,Key 1d,Key 1m,+0*
2675351213172789973,Todd Terje,Inspector Norse,,119.98,119.98,,120,-0.02,Key 12m,Key 12d,+0*
-542610278762048175,Todd Terje,Ragysh,,120.0,120.0,,120,0.0,Key 7d,Key 7m,+0*
2651642248259342800,Toro y Moi,Rose Quartz,,110.0,110.0,,110,0.0,Key 10m,Key 10m,+0
6440472560664382171,Underworld,Born Slippy (Alma & Mater Edit),,118.0,118.0,,118,0.0,Key 10d,Key 10m,+0*
-2365833958855992830,upper class,SIX MILLION,,120.0,120.0,,120,0.0,Key 12m,Key 12m,+0
-6180365792673407642,Voyage,Dynamic,,115.0,115.0,,115,0.0,Key 5m,Key 5m,+0
5912217209617676377,Weval,Something,,85.0,85.0,,85,0.0,Key 2m,Key 2m,+0
-95030451364091895,The White Lamp,It's You (Ron Basejam Remix),,122.0,122.0,,122,0.0,Key 1m,Key 1m,+0
-6509301989536146088,Who Made Who,Keep Me In My Plane (DJ Koze's Hudson River Dub),,116.0,116.0,,116,0.0,Key 7m,Key 7m,+0
2766108957433184639,WIDE AWAKE,Mint,,115.0,115.0,,115,0.0,Key 2m,Key 2m,+0
-7813685390896959341,Yoko Duo,Blowfish (Lake People Remix),,115.0,115.0,,115,0.0,Key 4m,Key 4m,+0
-3040537382935800585,Youandewan,Ego,,119.99,119.99,,120,-0.01,Key 12m,Key 12m,+0
-1749192340166463568,Zohra,Badala Zamana,,112.5,112.5,,113,-0.5,Key 3m,Key 3m,+0
-6143927384510919132,Midnight Magic,Beam Me Up (Jacques Renault Remix),,117.0,117.0,,117,0.0,Key 9m,Key 9m,+0
-6133243689842933306,Acid Arab,Buzq Blues,,123.0,123.0,,123,0.0,Key 6m,Key 6m,+0
5669735091377355264,Ada,Faith,,125.0,125.0,,125,0.0,Key 4m,Key 4m,+0
-3393750211503317722,Agoria,Dust,,123.98,123.98,,124,-0.02,Key 10m,Key 10m,+0
-1803831653904423069,Albion,Air (Oliver Lieb Remix) Remastered,,137.16,137.16,,137,0.16,Key 1m,Key 1m,+0
-7019647520990268180,Aphex Twin,Windowlicker,,123.0,123.0,,123,0.0,Key 10m,Key 10m,+0
-2812406574919176884,Asa Tate / Tech Support,Friends,,125.0,125.0,,125,0.0,Key 7m,Key 7m,+0
-7621711716752501346,AURORA,Some Type Of Skin (Sofia Kourtesis Remix),,127.0,127.0,,127,0.0,Key 10d,Key 10d,+0
695753626407153293,Bicep,Celeste,,125.0,125.0,,125,0.0,Key 12d,Key 12m,+0*
5214739254450562305,Bicep,Glue (Original Mix),,130.0,130.0,,130,0.0,Key 2m,Key 2m,+0
8425534563511774446,Bicep,Opal (Four Tet Remix),,127.0,127.0,,127,0.0,Key 1d,Key 1m,+0*
-932291905082860471,Blaze,Lovelee Dae (Original),,124.15,124.15,,124,0.15,Key 11m,Key 11m,+0
-1879042772365674404,Bonobo feat. O’Flynn,Otomo,,126.0,126.0,,126,0.0,Key 2m,Key 2m,+0
5966146209662247949,Caribou,Can't Do Without You,,128.0,128.0,,128,0.0,Key 1d,Key 1m,+0*
-4406654567064538384,Caribou,Julia Brightly,,140.0,140.0,,140,0.0,Key 2d,Key 2d,+0
-6780857778541227049,Caribou,Never Come Back,,128.0,128.0,,128,0.0,Key 12m,Key 12m,+0
8467776548514602771,Caribou,Sun,,128.0,128.0,,128,0.0,Key 7m,Key 7m,+0
5330771727593657392,Cerrone,Supernature,,123.5,123.5,,123,0.5,Key 10m,Key 10m,+0
6547331519279651004,Cinthie,Together (Original),,123.0,123.0,,123,0.0,Key 5m,Key 5d,+0*
4717166592714641384,Closer Musik,Maria,,124.22,124.22,,124,0.22,Key 2d,Key 2m,+0*
91567727434490367,The Cyclist,Pressing Matters (Robag's Pinvoldex Sull NB),,123.0,123.0,,123,0.0,Key 12m,Key 12m,+0
2806550742744706258,Daft Punk,Make Love,,133.1,133.1,,133,0.1,Key 7m,Key 7m,+0
-7643480643167111830,Dan Ghenacia & Shonky,Close To The Edge (Original Mix),,124.0,124.0,,124,0.0,Key 7m,Key 7m,+0
-3981647363363820848,Daniel Mehlhart,Nebelschwaden,,125.0,125.0,,125,0.0,Key 7m,Key 7m,+0
4298111262647520189,Daphni,Cloudy (Kelbin Remix),,134.0,134.0,,134,0.0,Key 3m,Key 3m,+0
5829529957532178474,Daphni,Waiting So Long,,133.3,133.3,,133,0.3,Key 4m,Key 4m,+0
-1497642857288538639,Daso,Meine,,126.0,126.0,,126,0.0,Key 4m,Key 4m,+0
-3763171521283954352,Dinky,Casa (Axel Boman Dub Mix),,124.0,124.0,,124,0.0,Key 7m,Key 7m,+0
150554572695233821,DJ Heartstring,BAE,,150.0,150.0,,150,0.0,Key 1m,Key 1m,+0
4568462663572913424,DJ Koze,Pick Up,,124.9,124.9,,125,-0.1,Key 12d,Key 12d,+0
5855229945939993898,DJ Koze,Blume Der Nacht (Original Mix),,123.0,123.0,,123,0.0,Key 10m,Key 10m,+0
5391908372623741040,DJ Linus,Are You Ready?,,124.0,124.0,,124,0.0,Key 3m,Key 3m,+0
2633887568129818710,DJ Seinfeld,U (Original Mix),,126.0,126.0,,126,0.0,Key 10d,Key 10d,+0
-970304599063468575,Dntel,(This Is) The Dream of Evan and Chan (Superpitcher Kompakt Remix),,127.0,127.0,,127,0.0,Key 9m,Key 9m,+0
-3218205292483608353,Dominik Eulberg & Essay,Dream Machine,,123.0,123.0,,123,0.0,Key 12d,Key 12d,+0
7652762435644997068,Efdemin,Parallaxis (Traumprinz's Over 2 The End Version),,123.0,123.0,,123,0.0,Key 2d,Key 2m,+0*
6723342900475309015,Efdemin,There Will Be Singing (DJ Koze Remix),,124.0,124.0,,124,0.0,Key 1m,Key 1m,+0
-4762315220583112348,Four Tet,Lush,,133.0,133.0,,133,0.0,Key 5d,Key 5m,+0*
773214301183248742,Four Tet,Baby,,127.0,127.0,,127,0.0,Key 12m,Key 12m,+0
-5712578845468405155,Francis Inferno Orchestra,Harmony,,123.0,123.0,,123,0.0,Key 12m,Key 12m,+0
-1921215453666168439,Fred again..,Tate (How I Feel),,125.1,125.1,,125,0.1,Key 1d,Key 1d,+0
2752566272739476218,Fred again..,Delilah (pull me out of this),,134.0,134.0,,134,0.0,Key 11m,Key 11m,+0
-1689166465969545898,Fred again..,Danielle (smile on my face),,130.0,130.0,,130,0.0,Key 12m,Key 12d,+0*
-2646715057851362949,Fred again..,Diana (You Don't Even Know),,123.0,123.0,,123,0.0,Key 12m,Key 12m,+0
3860487780319754642,"Fred again.., Obongjayar",adore u,,124.0,124.0,,124,0.0,Key 1d,Key 1d,+0
-7932190805340001703,Fünf Sterne Deluxe,Schund (Super Flu’s No Champier Mix),,123.0,123.0,,123,0.0,Key 10m,Key 10m,+0
7965713780452728433,Gabriel Ananda & Maceo Plex,Solitary Daze (Original Mix),,125.0,125.0,,125,0.0,Key 7m,Key 7m,+0
-2352098017622447226,Galcher Lustwerk,Enterprise,,123.83,123.83,,124,-0.17,Key 5m,Key 5m,+0
-8049804077952224210,Genius Of Time,Sunswell,,124.0,124.0,,124,0.0,Key 3d,Key 3d,+0
9167271617025027039,Gold Panda,Black Voices,,123.0,123.0,,123,0.0,Key 1m,Key 1m,+0
-4137572374903282707,Gorillaz feat. D.R.A.M.,Andromeda (Bonobo Remix),,130.0,130.0,,130,0.0,Key 1m,Key 1m,+0
6194726207062011312,Grauzone,Raum (ATA's Extended Mix),,127.0,127.0,,127,0.0,Key 1m,Key 1m,+0
24183238411390006,Grauzone,Eisbär,,129.4,129.4,,129,0.4,Key 4m,Key 4m,+0
-8521435469734567500,Gregor Salto & DJ Gregory,Canoa (Original Mix),,127.0,127.0,,127,0.0,Key 4m,Key 4m,+0
8986230555104447322,Gui Boratto,Arquipelago (Original Mix),,125.0,125.0,,125,0.0,Key 2m,Key 2m,+0
6870666305434849186,Guti,All The Girls,,125.0,125.0,,125,0.0,Key 1m,Key 1m,+0
-8750403833602209037,Halo Varga & Proudly People feat. Mr. V,Trust (Einzelkind & Robin Scholz aka Rhythm Factory - Boogie Down Bronx Remix),,126.0,126.0,,126,0.0,Key 12m,Key 12m,+0
-4514810799870081954,Herbert,I Hadn't Known (I Only Heard),,123.43,123.43,,123,0.43,Key 8m,Key 8m,+0
1708046291246106645,Isaac Tichauer,Higher Level (Bicep Remix),,123.0,123.0,,123,0.0,Key 11m,Key 11m,+0
3289017514970844315,Jamie xx,Far Nearer,,127.0,127.0,,127,0.0,Key 1m,Key 1m,+0
8026054443741412499,"Jamie xx, Romy & Oliver Sim",Waited All Night,,136.0,136.0,,136,0.0,Key 2m,Key 2m,+0
2682859174307266171,Jasper Tygner,Need You (Extended Edit),,128.0,128.0,,128,0.0,Key 4m,Key 4m,+0
-1368635552072980268,Jayda G,Both of Us,,124.0,124.0,,124,0.0,Key 6m,Key 6m,+0
537102399521819718,Jean Jacques Smoothie,2 People,,130.0,130.0,,130,0.0,Key 3m,Key 3m,+0
-3647936603439099267,Joeski feat. Jesánte,How Do I Go On,,123.0,123.0,,123,0.0,Key 3m,Key 3m,+0
-482197007606300358,"Joey Negro, Akabu",Another World (Andre Lodemann Mix),,125.0,125.0,,125,0.0,Key 9m,Key 9m,+0
9027458705835969712,Joy Orbison,flight fm,,140.0,140.0,,140,0.0,Key 12m,Key 12m,+0
952290028543086163,Kalyma,Tokyo,,124.0,124.0,,124,0.0,Key 10m,Key 10m,+0
1561334079202301913,KARO,Come on and do it (Nachtiville Opening 2023),,130.0,130.0,,130,0.0,Key 1m,Key 1m,+0
5930279757498632622,KARO,Nachti Opening 2023,,129.0,129.0,,129,0.0,Key 8m,Key 8m,+0
5069161860921958744,Keinemusik feat. Nomi Ruiz,Pussy Power,,124.0,124.0,,124,0.0,Key 1m,Key 1m,+0
4087714892523688783,Kiasmos,Blurred (Bonobo Remix),,125.0,125.0,,125,0.0,Key 5m,Key 5m,+0
4627446750702679601,Kings of Tomorrow feat. April,Fall for You (Sandy Rivera's Classic Mix),,123.0,123.0,,123,0.0,Key 11m,Key 11m,+0
7455595247986225063,Lake People / Llewellyn / Amrint Keen,Cooping - Map.ache Remix,,123.0,123.0,,123,0.0,Key 12m,Key 12m,+0
-5973222944494341940,Lauer,Antinat,,123.0,123.0,,123,0.0,Key 1d,Key 1d,+0
-1844689407855946235,Luca Albano,Calinda (Francesco Bonora Remix),,125.0,125.0,,125,0.0,Key 10m,Key 10m,+0
5809681739803299867,Magnetic Family,Ode,,126.0,126.0,,126,0.0,Key 1d,Key 1d,+0
-4182965008874585492,Map.ache,Thank U Again,,127.0,127.0,,127,0.0,Key 5m,Key 5m,+0
-9066100329033146223,Mario & Vidis feat. Ernesto,Changed,,122.9,122.9,,123,-0.1,Key 2m,Key 2m,+0
569597891673869370,Marshall Jefferson & Noosa Heads,Mushrooms (Justin Martin Mix),,125.0,125.0,,125,0.0,Key 5m,Key 5m,+0
5788275709720998986,Martyn feat. Four Tet,Glassbeadgames,,123.99,123.99,,124,-0.01,Key 1m,Key 1m,+0
834952960595809889,Max Cooper feat. Wilderthorn,Volition (Robag Wruhme’s Botnax Caal Remix),,124.0,124.0,,124,0.0,Key 4d,Key 4m,+0*
-4322958221686436468,Maya Jane Coles,Humming Bird (Original Mix),,125.0,125.0,,125,0.0,Key 8m,Key 8m,+0
-2591800170246551907,Michael Mayer feat. Joe Goddard,For You (DJ Koze Mbira Remix Full Version),,124.0,124.0,,124,0.0,Key 5d,Key 5d,+0
4090716324754044075,Midland,Final Credits,,133.0,133.0,,133,0.0,Key 9m,Key 9m,+0
5047317770290608666,Midland,Through Motion,,125.0,125.0,,125,0.0,Key 2m,Key 2m,+0
-7000527628269374892,Moderat,EASY PREY,,138.0,138.0,,138,0.0,Key 11d,Key 11m,+0*
-1089427468795535555,Moderat,NEON RATS,,131.0,131.0,,131,0.0,Key 1m,Key 1m,+0
-4716479231429679465,Nils Frahm,Familiar (Original Mix),,130.0,130.0,,130,0.0,Key 7m,Key 7m,+0
-1763263856523348344,Nina Simone & HONNE,My Baby Just Cares For Me (HONNE Remix),,126.0,126.0,,126,0.0,Key 11d,Key 11d,+0
3180973923610614492,The Other People Place,Let Me Be Me,,130.72,130.72,,131,-0.28,Key 2m,Key 2m,+0
-1699786258269797763,Panthera Krause,Heppy,,123.0,123.0,,123,0.0,Key 7m,Key 7m,+0
-130360189796551363,Phonique feat. Erlend Øye,For The Time Being,,123.0,123.0,,123,0.0,Key 4m,Key 4m,+0
2760188559169668541,Rezident,Echoes,,123.0,123.0,,123,0.0,Key 12m,Key 12m,+0
-5239555972180813200,Rita Lee & Axel Boman,Lança Perfume (Axel Boman Remix),,125.0,125.0,,125,0.0,Key 3d,Key 3d,+0
8851685406071830180,Rival Consoles,Recovery,,155.0,155.0,,155,0.0,Key 4m,Key 4m,+0
-5031497434915735480,Robag Wruhme,Calma Calma,,125.0,125.0,,125,0.0,Key 11m,Key 11m,+0
27796954181659816,Roman Flügel,How To Spread Lies,,123.0,123.0,,123,0.0,Key 7m,Key 7m,+0
-39427258114495151,Ross from Friends,The Daisy,,132.0,132.0,,132,0.0,Key 6m,Key 6m,+0
-8522800380129336674,Ross From Friends,Epiphany,,127.0,127.0,,127,0.0,Key 6m,Key 6m,+0
-7887756810012917482,Ross From Friends,High Energy,,129.0,129.0,,129,0.0,Key 6m,Key 6m,+0
-1525139901503489989,Ross from Friends,Talk To Me You'll Understand,,126.0,126.0,,126,0.0,Key 5m,Key 5m,+0
-557552047335852186,Roy Of The Ravers,Emotinium (Roy Of The Ravers Secret Mix),,127.1,127.1,,127,0.1,Key 9m,Key 9m,+0
-1764440568993123894,Shingo Nakamura & Kazusa,Move On (Tim Engelhardt Love Mix),,125.0,125.0,,125,0.0,Key 7d,Key 7m,+0*
-192790488024375539,SILK,Quiver,,131.0,131.0,,131,0.0,Key 8d,Key 8d,+0
3158038207137506225,Sofia Kourtesis,Vajkoczy,,124.0,124.0,,124,0.0,Key 1d,Key 1d,+0
8099319921527896615,Sofia Kourtesis & Daphni,Unidos,,133.0,133.0,,133,0.0,Key 2m,Key 2m,+0
-1309101300695274932,Soul Capsule,Lady Science (NYC Sunrise),,127.87,127.87,,128,-0.13,Key 2m,Key 2m,+0
6546800634220025499,Soulful Session & Lynn Lockamy,Hostile Takeover,,126.0,126.0,,126,0.0,Key 1m,Key 1m,+0
-6166835003213293459,Stardust,Music Sounds Better With You,,123.91,123.91,,124,-0.09,Key 8m,Key 8m,+0
4396813399298079035,Superpitcher,Rabbits In A Hurry (Sascha Funkes JD Is The One Rabbits Remix),,125.0,125.0,,125,0.0,Key 3m,Key 3m,+0
-589234406503743326,Superpitcher,Tonite,,124.0,124.0,,124,0.0,Key 6m,Key 6m,+0
-8932389081613842858,Tim Engelhardt,High Places,,124.0,124.0,,124,0.0,Key 8d,Key 8m,+0*
9165839730472662481,Tom Bioly,Street Beat (Map.ache Remix),,128.0,128.0,,128,0.0,Key 11m,Key 11m,+0
4840770575484896153,TSHA,Sacred,,123.0,123.0,,123,0.0,Key 1m,Key 1m,+0
7842652361133141950,Westbam feat. Nena,Oldschool Baby (Piano Mix),,130.5,130.5,,131,-0.5,Key 8m,Key 8m,+0
-3837287006816986723,Weval,ON (Extended Version),,124.0,124.0,,124,0.0,Key 7m,Key 7m,+0
3439199725015269212,The XX,On Hold (Jamie xx Remix),,128.2,128.2,,128,0.2,Key 10d,Key 10m,+0*
1415828869727571624,Yaeji,Raingurl,,128.0,128.0,,128,0.0,Key 3m,Key 3m,+0
6689952212216915215,Youandewan,1988 (Original Mix),,123.0,123.0,,123,0.0,Key 4m,Key 4m,+0
6517053572509908016,Zone+,Infinite Galaxy,,124.0,124.0,,124,0.0,Key 11m,Key 11m,+0
8661342935565749384,박혜진 park hye jin,I DON'T CARE,,124.0,124.0,,124,0.0,Key 4m,Key 4m,+0
-2096570142382190409,Róisín Murphy,Overpowered,,117.0,117.0,,117,0.0,Key 7m,Key 7m,+0
6432779646589283066,BLVTH,Mars,,103.0,103.0,,103,0.0,Key 11m,Key 11m,+0
5962991440939709839,Soulwax,Essential Eleven,,123.98,123.98,,124,-0.02,Key 3m,Key 3m,+0
779688104379778897,Baby's Berserk,Toxic Kisses,,127.8,127.8,,128,-0.2,Key 2d,Key 2m,+0*
6274234480791839692,Lime,I Don't Wanna Lose You (Club Mix),,123.04,123.04,,123,0.04,Key 2m,Key 2m,+0
1858396897672046616,KiNK,Perth (Original Mix),,125.0,125.0,,125,0.0,Key 10m,Key 10m,+0
-3501161401597754148,Fred again..,Billie (Loving Arms),,128.0,128.0,,128,0.0,Key 11d,Key 11m,+0*
-4634309754428006905,Fred again..,Tanya (Maybe Life),,128.0,128.0,,128,0.0,Key 12d,Key 12d,+0
2046513497809162345,Fred again..,Kammy (like i do),,132.0,132.0,,132,0.0,Key 11m,Key 11m,+0
-8495594148151683127,Kerri Chandler & Jerome Sydenham feat. Troy Denari,You're in My System (Dennis Quin Vocal Mix),,123.0,123.0,,123,0.0,Key 7m,Key 7m,+0
1637689457290942586,Loods & Grab,Love Is Real,,130.0,130.0,,130,0.0,Key 11d,Key 11m,+0*
-2940741819551681777,Jamie Jones,My Paradise,,128.0,128.0,,128,0.0,Key 8m,Key 8m,+0
5191041441685466742,Whirlpool Productions,From: Disco To: Disco (Remastered),,123.87,123.87,,124,-0.13,Key 5m,Key 5m,+0
7555024198712884749,Sylvester,You Make Me Feel (Mighty Real),,131.9,131.9,,132,-0.1,Key 9m,Key 9m,+0
-4767386018031841554,dreamcastmoe,(301)341-7207,,73.5,73.5,,73,0.5,Key 11m,Key 11m,+0
-4532063193446351037,Frank Ocean,Nights,,80.0,80.0,,80,0.0,Key 11d,Key 11d,+0
2491857609402798360,NxWorries,Suede,,117.0,117.0,,117,0.0,Key 12m,Key 12m,+0
2782126565424630843,Danny Brown,Grown Up,,93.46,93.46,,94,-0.54,Key 6m,Key 6m,+0
-8664586770562840099,Mykki Blanco,Free Ride,,112.0,112.0,,112,0.0,Key 11m,Key 11m,+0
-2275681206676940173,Romy & Fred again..,Strong,,134.0,134.0,,134,0.0,Key 5d,Key 5d,+0
5943131933506696914,Galcher Lustwerk,I Neva Seen,,118.0,118.0,,118,0.0,Key 9m,Key 9m,+0
-2542719024286316194,Nic Fanciulli & Black Circle,Blessed (Extended Mix),,126.0,126.0,,126,0.0,Key 4m,Key 4m,+0
-3633688976129146947,Jamie Jones,My Paradise (Extended Mix),,128.0,128.0,,128,0.0,Key 8m,Key 8m,+0
