spotify_id,id,href,isrc,acousticness,danceability,energy,instrumentalness,key,liveness,loudness,mode,speechiness,tempo,valence
01PY4CRWbH1Js0lAPy71eN,e8188b74-7eca-4331-80a4-7a45841ff771,https://open.spotify.com/track/01PY4CRWbH1Js0lAPy71eN,SE2WJ1100304,0.1,0.778,0.592,0.873,2.0,0.0584,-13.181,1.0,0.0866,126.017,0.262
01UmrAiSyFKUXQRODUuJsH,6342c3b3-00b7-46ea-98df-b2f47d7b038a,https://open.spotify.com/track/01UmrAiSyFKUXQRODUuJsH,DEY472275449,0.125,0.778,0.587,0.852,4.0,0.132,-12.07,0.0,0.204,124.002,0.272
031eVTZG0DoOt1AAQJ9490,12110200-4e42-4e8b-9455-07f3d61d1957,https://open.spotify.com/track/031eVTZG0DoOt1AAQJ9490,DEPL91204805,0.109,0.785,0.683,0.698,4.0,0.0951,-10.659,0.0,0.0639,121.004,0.822
03ccKKeYtrjlcRG9khtNrg,63cf3e13-5a5f-49cc-8791-034afc290c63,https://open.spotify.com/track/03ccKKeYtrjlcRG9khtNrg,DEMM11300060,0.296,0.743,0.705,0.902,6.0,0.0661,-12.187,0.0,0.0556,124.007,0.348
04C8gJkGXkp1A8ZzQiOoBi,dde2ad6e-512d-4d4b-a06b-5f2edc7a35b7,https://open.spotify.com/track/04C8gJkGXkp1A8ZzQiOoBi,DEPL91205061,0.0131,0.704,0.332,0.87,11.0,0.0909,-13.385,0.0,0.0819,120.018,0.276
06vNFYTxJUZUBw7TotVGhe,3cb3ff44-bcbf-4f5f-9bf8-d3e72ec14e55,https://open.spotify.com/track/06vNFYTxJUZUBw7TotVGhe,GBCFB1500115,0.456,0.785,0.739,0.817,0.0,0.109,-13.234,1.0,0.0457,115.998,0.478
079oT7UeYq6VNsMxtKgmOO,214c9fcd-ea2a-4779-a7f5-5d3c4b9ef985,https://open.spotify.com/track/079oT7UeYq6VNsMxtKgmOO,NLL561606808,0.411,0.794,0.559,0.885,11.0,0.254,-11.798,0.0,0.0559,104.976,0.345
07F3akBPO1FjKJMwDXKf8r,3413367c-fa3c-463f-bf0a-54a7e8da36ec,https://open.spotify.com/track/07F3akBPO1FjKJMwDXKf8r,DEG932500057,0.483,0.703,0.236,0.898,6.0,0.106,-13.273,0.0,0.299,196.013,0.142
07ihiCmDshXFcqK9cq7Ulf,dbb55a9b-c3c3-46e7-af36-6e5a69d30827,https://open.spotify.com/track/07ihiCmDshXFcqK9cq7Ulf,DEY472473661,0.0019,0.771,0.476,0.894,8.0,0.086,-10.873,1.0,0.0454,124.003,0.508
0AQsiSsoBY3CdvrQc0TePC,8473f376-574a-4aec-a05b-82d7d95c26cd,https://open.spotify.com/track/0AQsiSsoBY3CdvrQc0TePC,DEY472088426,0.00269,0.711,0.464,0.904,9.0,0.108,-13.561,0.0,0.0435,118.001,0.61
0AZTusI2KJaTbZxrSDvfi5,a90b4eda-47e7-4a6c-a76f-496789ecb92f,https://open.spotify.com/track/0AZTusI2KJaTbZxrSDvfi5,GB6LY1500001,0.0489,0.808,0.459,0.531,11.0,0.0811,-12.488,0.0,0.0458,123.997,0.14
0D97FOu7UqZvatcSCOtZfJ,bbf8f7f5-5223-439e-a8e2-521f6a979971,https://open.spotify.com/track/0D97FOu7UqZvatcSCOtZfJ,DECY61500040,0.00182,0.725,0.661,0.849,2.0,0.685,-10.158,1.0,0.0411,123.02,0.213
0DG9ERJIKpFXk5n8uldiuM,40a74b7a-b523-462c-91bb-2dfafcf4c948,https://open.spotify.com/track/0DG9ERJIKpFXk5n8uldiuM,DEMM11500007,0.0229,0.707,0.748,0.768,7.0,0.106,-11.088,1.0,0.0479,118.022,0.159
0E8YKGyZVKz5tkYftHRrWV,358a7a4d-307d-40aa-afc1-07b44c15feef,https://open.spotify.com/track/0E8YKGyZVKz5tkYftHRrWV,DECY62100098,0.000771,0.704,0.719,0.827,0.0,0.0661,-8.859,1.0,0.0587,121.984,0.436
0EPlnYHqzAxCQrUaRZUHQM,b79a98ba-ede5-4010-9519-c9efddbdcebc,https://open.spotify.com/track/0EPlnYHqzAxCQrUaRZUHQM,DEKY50800006,0.000574,0.801,0.56,0.894,1.0,0.0863,-9.185,1.0,0.0514,125.998,0.177
0Ee2WcVCyQTzBCZ4zz9ocW,60608078-530d-4ced-aec4-1159aba07a25,https://open.spotify.com/track/0Ee2WcVCyQTzBCZ4zz9ocW,GBJPB0500341,0.00279,0.758,0.823,0.677,1.0,0.712,-8.032,1.0,0.117,120.014,0.241
0Ej6OBBtMvhjaJvtt1vtUt,970f6b70-a928-434a-8403-2aff2c69ffc3,https://open.spotify.com/track/0Ej6OBBtMvhjaJvtt1vtUt,DED622000007,0.4,0.777,0.686,0.563,5.0,0.0664,-8.932,1.0,0.0367,127.986,0.647
0FCUZdyI2UvVscNAnKHopR,0f2f91bd-ed65-407e-9fe7-e004a7cbad64,https://open.spotify.com/track/0FCUZdyI2UvVscNAnKHopR,DEGQ20900051,0.00809,0.836,0.791,0.73,8.0,0.109,-6.09,0.0,0.0674,131.042,0.788
0Fw1KVfM5BCbbJelYRWH7F,e85f5efa-7a32-48b6-a676-986dead7fe7f,https://open.spotify.com/track/0Fw1KVfM5BCbbJelYRWH7F,US25X1083805,0.00875,0.846,0.589,0.406,7.0,0.0993,-7.526,0.0,0.0516,104.013,0.358
0LTfW2liwpoVoq47naw1OJ,31e32fa4-cdf4-49b5-926a-6bfd5640bf70,https://open.spotify.com/track/0LTfW2liwpoVoq47naw1OJ,US4GE0900137,0.145,0.676,0.556,0.954,5.0,0.0857,-8.166,0.0,0.0419,109.965,0.949
0N9WQE0WCPetQduRvRRu1r,b47145b7-5135-4173-aba9-319a508b1ad5,https://open.spotify.com/track/0N9WQE0WCPetQduRvRRu1r,USA2P1896835,0.0403,0.89,0.521,0.25,6.0,0.0789,-10.47,0.0,0.119,123.996,0.244
0RRn9JOq7ZnvqiE4SBrQ2G,f0b08381-170f-47dc-9298-ef5e7c0f51ee,https://open.spotify.com/track/0RRn9JOq7ZnvqiE4SBrQ2G,DEDH71100032,0.732,0.747,0.321,0.877,3.0,0.0967,-12.68,1.0,0.0662,121.996,0.032
0TBETiWtmbXvj0g5RVaRTb,46b01b7c-4394-4ee9-b97e-cb3d316a5295,https://open.spotify.com/track/0TBETiWtmbXvj0g5RVaRTb,UK7MC2400052,0.0778,0.691,0.73,0.00992,4.0,0.0836,-8.228,0.0,0.0372,135.995,0.168
0W2Haepjk0ZxNh5hGXEgEo,efbccf26-17c6-4f17-bd40-480079a948fe,https://open.spotify.com/track/0W2Haepjk0ZxNh5hGXEgEo,DEU671101044,0.0152,0.8,0.604,0.212,2.0,0.0913,-13.534,1.0,0.0685,120.003,0.483
0W4522kMykidUIBpOoI8oP,32874fbb-05f8-4b14-92d8-0f431bc1e276,https://open.spotify.com/track/0W4522kMykidUIBpOoI8oP,GBCFB2300439,0.000532,0.715,0.847,0.265,6.0,0.2,-9.978,0.0,0.044,121.981,0.709
0WaE4hwbs61kxInry9s9GH,86a6d9bf-9336-46ef-a953-120f3e7cda5e,https://open.spotify.com/track/0WaE4hwbs61kxInry9s9GH,DEMM11400013,0.000365,0.832,0.421,0.197,11.0,0.0585,-9.566,1.0,0.165,116.07,0.76
0Wi0UaDUPC7G4pmrgbLrSs,23edbbbf-772f-405e-a6b0-59faa0f28092,https://open.spotify.com/track/0Wi0UaDUPC7G4pmrgbLrSs,DECY51114081,0.000301,0.652,0.554,0.922,5.0,0.0792,-10.84,0.0,0.0336,120.019,0.225
0YQ3Egr6p6MHgZGaQI7EWc,ec6a9575-c339-40ee-9065-1aa72f8752a2,https://open.spotify.com/track/0YQ3Egr6p6MHgZGaQI7EWc,DEU671002245,0.0527,0.803,0.79,0.849,8.0,0.202,-5.588,1.0,0.0416,125.001,0.808
0aegbRrg4oVF2kSMZwmnq8,f3929842-31bb-44ae-9a8a-7a3cd3db058d,https://open.spotify.com/track/0aegbRrg4oVF2kSMZwmnq8,GBCFB2100332,0.313,0.704,0.613,0.16,8.0,0.0952,-12.355,0.0,0.0713,132.036,0.251
0bzXi8viwZsxlGabtLlJz9,5eb3acb8-d71d-439e-92d9-7d56940f566c,https://open.spotify.com/track/0bzXi8viwZsxlGabtLlJz9,DEHE41100002,0.000245,0.812,0.674,0.906,0.0,0.105,-13.035,1.0,0.0557,122.021,0.863
0d52FbFD26XkwryT9EtbJy,b8f5c926-a1c8-4950-91c2-1b1efa7167b8,https://open.spotify.com/track/0d52FbFD26XkwryT9EtbJy,DEMM11100029,0.656,0.632,0.437,0.89,6.0,0.328,-14.91,0.0,0.0363,124.99,0.136
0dAnQllNjZLuHxCpiVbPCH,2289a3a0-3b96-4b21-87f8-9845b983e0b9,https://open.spotify.com/track/0dAnQllNjZLuHxCpiVbPCH,DECY51101781,0.00881,0.806,0.786,0.894,1.0,0.0728,-10.52,1.0,0.0728,120.008,0.634
0dSiFdhdJDOMFRDGyxaXaC,94c9e88c-971c-4f6c-a2d6-3ade6ece8bb9,https://open.spotify.com/track/0dSiFdhdJDOMFRDGyxaXaC,DEU672100446,0.0338,0.838,0.465,0.89,6.0,0.0868,-10.734,1.0,0.0503,117.001,0.368
0e7JG6DL6edqrAlPMMmQAw,a710d549-ea3d-404c-9644-bbb7df9c0c69,https://open.spotify.com/track/0e7JG6DL6edqrAlPMMmQAw,DEMM11000008,0.0685,0.864,0.399,0.64,0.0,0.137,-12.164,1.0,0.0465,118.995,0.215
0fhK0iglhCxsmc8bPsz2yG,e21cb5ef-3c5d-4f18-bc32-a412fc95ec95,https://open.spotify.com/track/0fhK0iglhCxsmc8bPsz2yG,US2J72201007,0.0128,0.78,0.427,0.939,9.0,0.0967,-12.648,1.0,0.144,123.869,0.729
0fwZT1xaNE8FN26DdiPX5C,df8da767-7019-4e7b-8b70-752daaf14d6b,https://open.spotify.com/track/0fwZT1xaNE8FN26DdiPX5C,DEAZ30809601,0.00383,0.796,0.615,0.795,6.0,0.0659,-10.511,0.0,0.0542,125.009,0.544
0iJz66XkA3WpxiOjV69QnV,740b3de8-ef71-4466-8de5-d5a917677b70,https://open.spotify.com/track/0iJz66XkA3WpxiOjV69QnV,DEG932501295,9.86e-05,0.783,0.808,0.822,0.0,0.0409,-8.139,1.0,0.044,135.008,0.677
0mjNlS3A4gU5kUB6BdG11B,94de7b8f-c0d4-4c41-8d08-32b6035fdd15,https://open.spotify.com/track/0mjNlS3A4gU5kUB6BdG11B,DEG931400562,0.0303,0.724,0.908,0.891,7.0,0.326,-7.601,1.0,0.0573,119.997,0.573
0nnk00JvI9OIYW3CiRty9m,4e700a22-9734-4bc7-a4ee-311e36d01573,https://open.spotify.com/track/0nnk00JvI9OIYW3CiRty9m,GBKQU1848139,0.675,0.78,0.46,0.751,1.0,0.0793,-12.175,0.0,0.0627,115.001,0.0981
0qyv4F1yAtT32shanm1lKP,8c724251-3f04-48d0-b29b-06e3602c85b9,https://open.spotify.com/track/0qyv4F1yAtT32shanm1lKP,UK9PS1600028,0.000674,0.805,0.698,0.922,7.0,0.324,-12.512,0.0,0.0451,123.018,0.415
0rX4MmvGRfEqJNkJne2nuk,7cd24202-57fa-401f-9d98-275f630377ca,https://open.spotify.com/track/0rX4MmvGRfEqJNkJne2nuk,DEG931700993,0.0101,0.522,0.782,0.846,1.0,0.114,-13.177,0.0,0.0362,123.992,0.384
0sN8rCY6AuZFsDto4AlLOh,dfa9258c-cba7-4806-b901-b01ce5c8adff,https://open.spotify.com/track/0sN8rCY6AuZFsDto4AlLOh,GBCPZ1104910,0.000503,0.733,0.634,0.798,1.0,0.0848,-9.394,1.0,0.0394,124.144,0.326
0vp09QgBhShrQOL2w7P8k4,ae209254-061a-474a-be37-9e297c79899c,https://open.spotify.com/track/0vp09QgBhShrQOL2w7P8k4,GBWZD1506910,0.0978,0.456,0.461,0.815,2.0,0.102,-11.337,1.0,0.0593,155.008,0.119
0wPfUQUkWcguy2iUH0BWOT,3bc7d41a-9ee1-47d6-b8d4-27c905e6bf03,https://open.spotify.com/track/0wPfUQUkWcguy2iUH0BWOT,GBXNG2051002,0.487,0.792,0.576,0.00325,0.0,0.0972,-9.947,1.0,0.248,127.066,0.053
0wjz5oKl6hSZUK3LMnoJLq,e3a20ae3-d9c9-4150-8e2d-4f8c62a98776,https://open.spotify.com/track/0wjz5oKl6hSZUK3LMnoJLq,DEU671300098,0.106,0.788,0.555,0.853,0.0,0.121,-12.314,1.0,0.089,121.947,0.847
10ucs1QNM4ovt5H7eFLeqG,93d75c26-0ec6-455b-92f6-56ef362e8f9a,https://open.spotify.com/track/10ucs1QNM4ovt5H7eFLeqG,DGA062445035,0.0123,0.759,0.682,0.838,0.0,0.0954,-10.87,1.0,0.0489,126.006,0.228
11lbXJg7UJGxZrJnEMLlHL,1950cde2-938c-4069-ad0d-3138d110e706,https://open.spotify.com/track/11lbXJg7UJGxZrJnEMLlHL,UK6821801370,0.299,0.789,0.502,0.917,5.0,0.0786,-12.263,0.0,0.0517,121.02,0.708
11zszGtGqaF7YYx2gsS01L,26c849fa-281d-441c-b9dc-0ad68d6f34dd,https://open.spotify.com/track/11zszGtGqaF7YYx2gsS01L,DECY62000086,0.0514,0.766,0.62,0.85,7.0,0.12,-10.439,1.0,0.0546,127.994,0.234
125ABiFu87TxipoWAMK8LR,5ddc56c9-6c45-4838-9e5c-8d3fedaeb100,https://open.spotify.com/track/125ABiFu87TxipoWAMK8LR,GBLKD1127001,0.0614,0.746,0.71,0.000334,3.0,0.0677,-5.22,0.0,0.0429,121.023,0.441
13LVADAG1jdD42fe5wihFc,a902b4ad-8ddd-4c9a-9612-e575f43ac80f,https://open.spotify.com/track/13LVADAG1jdD42fe5wihFc,GBAL71303001,0.0501,0.731,0.674,0.869,10.0,0.176,-8.281,0.0,0.0447,120.015,0.765
16a08DG2rAjlpaFoWqRPkd,5a9bb066-1df6-44d7-a733-4c121f6b0ddd,https://open.spotify.com/track/16a08DG2rAjlpaFoWqRPkd,SE2WJ2204001,0.00175,0.639,0.417,0.783,6.0,0.0848,-12.314,1.0,0.0499,125.993,0.717
17ePdJHyBhMSiXvaOm5GCU,a72a0779-09a2-4d4d-a5f3-9250b2ca1330,https://open.spotify.com/track/17ePdJHyBhMSiXvaOm5GCU,uscgh1407835,0.18,0.77,0.335,0.876,8.0,0.302,-12.252,0.0,0.216,125.017,0.717
18jBaFUwyhKymDDDVHX6l6,5221c46e-fe0e-44db-bcd6-ad3a5664d296,https://open.spotify.com/track/18jBaFUwyhKymDDDVHX6l6,USJ4X0702003,0.0725,0.804,0.445,0.919,1.0,0.128,-14.588,1.0,0.0622,120.991,0.108
1DYgRR2Crqkb4CDJhoQrFO,4554f512-befb-4825-b42c-b6ef3a82db51,https://open.spotify.com/track/1DYgRR2Crqkb4CDJhoQrFO,DECY50948042,0.156,0.679,0.504,0.842,6.0,0.131,-11.716,0.0,0.0381,123.005,0.369
1ELW3mroLCVV20CIYnuCQn,b693a787-1b46-4cb7-ae9c-1b15024eb849,https://open.spotify.com/track/1ELW3mroLCVV20CIYnuCQn,US25X1091346,0.34,0.812,0.855,0.0857,2.0,0.127,-9.117,0.0,0.106,118.013,0.479
1FqCIlKJRNqpuQOAO7HCGd,ce64826c-afb7-4a83-81e3-2c5e4e231bc8,https://open.spotify.com/track/1FqCIlKJRNqpuQOAO7HCGd,GBTEZ1100351,0.0212,0.867,0.345,0.666,1.0,0.103,-11.042,1.0,0.0768,115.001,0.259
1G6Cmk3Jv19c49WG0WIiov,e755e956-c599-4b43-8984-4af9271e9036,https://open.spotify.com/track/1G6Cmk3Jv19c49WG0WIiov,SE2WJ2106001,0.21,0.802,0.406,0.692,1.0,0.0953,-16.351,1.0,0.0606,122.013,0.134
1HiqxB0nXYkX6z9Dm2R7zj,2eecc177-0b4a-47bd-84b5-d2fb08d2faa4,https://open.spotify.com/track/1HiqxB0nXYkX6z9Dm2R7zj,DEEC31750054,0.014,0.843,0.51,1.08e-05,9.0,0.0908,-8.297,0.0,0.0471,120.024,0.375
1I8M5tRchiQYYZcV3f63j7,b7178aae-63bd-4223-aca7-d9ccb0059727,https://open.spotify.com/track/1I8M5tRchiQYYZcV3f63j7,GBUM72402822,0.0338,0.579,0.944,0.772,8.0,0.308,-7.656,1.0,0.0318,127.018,0.496
1IbKfFZ1OmPS0rk7fcj2or,020d8ebd-d501-4114-960f-9f98a50b1f30,https://open.spotify.com/track/1IbKfFZ1OmPS0rk7fcj2or,GBJPB0500319,0.133,0.693,0.693,0.87,4.0,0.185,-8.504,0.0,0.0488,125.015,0.121
1JQwD4eYat7xbShs74ZUbJ,af6998ca-caad-42af-b453-59d916fe0ec5,https://open.spotify.com/track/1JQwD4eYat7xbShs74ZUbJ,DEE190200135,0.0111,0.724,0.617,0.778,10.0,0.0624,-15.073,0.0,0.0364,130.489,0.644
1K4Pm198Uqbb5L6KTpq9t2,343f1757-60f8-4898-843d-1abd910e7f4b,https://open.spotify.com/track/1K4Pm198Uqbb5L6KTpq9t2,DEG932101130,0.0209,0.694,0.887,0.826,0.0,0.084,-8.503,1.0,0.0759,120.04,0.856
1KThgRWylKw6mbUtA8pyPH,95e2d0e6-5ee4-4660-bf69-1b00473e9a6c,https://open.spotify.com/track/1KThgRWylKw6mbUtA8pyPH,GBBKS1100133,0.493,0.611,0.426,0.854,0.0,0.108,-11.538,1.0,0.147,126.974,0.33
1MOcTFQKehOrYWF6rZ9Sxx,92f40c45-47b0-4898-b772-4b63494a2567,https://open.spotify.com/track/1MOcTFQKehOrYWF6rZ9Sxx,DEXO12469432,0.146,0.419,0.674,0.00199,10.0,0.0968,-6.752,0.0,0.0957,116.997,0.396
1NDihjzycnBbxIW2c65PoB,4c284b35-7e01-4f90-9b36-bf3d44c3264d,https://open.spotify.com/track/1NDihjzycnBbxIW2c65PoB,DEU672100449,0.364,0.807,0.451,0.93,11.0,0.107,-15.641,0.0,0.0947,115.017,0.14
1NHd4UVxT5d5EGYzlDq17T,4ab4261c-4967-460c-8503-1089488cc9e2,https://open.spotify.com/track/1NHd4UVxT5d5EGYzlDq17T,NOSTS1219010,0.0741,0.912,0.782,0.763,7.0,0.348,-7.018,0.0,0.0445,119.979,0.89
1OeMZYLci5kVue1qYb5n41,338a0d51-6ec7-4764-a939-ea54e7218185,https://open.spotify.com/track/1OeMZYLci5kVue1qYb5n41,DEU670600094,0.106,0.63,0.435,0.95,8.0,0.0849,-13.868,0.0,0.0409,123.999,0.0693
1OxNBuk83EeS1Nj0k8mfPZ,95afa792-5079-468e-a9bc-627c9a86c8f8,https://open.spotify.com/track/1OxNBuk83EeS1Nj0k8mfPZ,FR9Z61700037,0.00141,0.85,0.423,0.694,6.0,0.0707,-8.432,1.0,0.0961,117.325,0.32
1Q0HBNo69NhGO4mSeybVwr,8fa1e6a8-8916-42ac-89c6-654d804f71be,https://open.spotify.com/track/1Q0HBNo69NhGO4mSeybVwr,GB45A1801406,0.0256,0.766,0.798,0.806,2.0,0.261,-8.856,1.0,0.0451,124.007,0.234
1QRQ6HOndanQlgWggueUx2,48e1dee8-4cb7-49f6-af64-930e8f6360c5,https://open.spotify.com/track/1QRQ6HOndanQlgWggueUx2,GBX2E1100033,0.363,0.867,0.401,0.0188,0.0,0.0963,-12.045,1.0,0.092,122.024,0.689
1Sjqy04Rk1erDQW5BTwxx7,6a7a1c49-08a8-4a4d-8140-53ccfbfde250,https://open.spotify.com/track/1Sjqy04Rk1erDQW5BTwxx7,DECY61100066,0.148,0.846,0.586,0.0508,0.0,0.146,-9.277,1.0,0.25,119.994,0.344
1UVaFrs6jncorL9Mf018wz,9b86cff5-c99a-4db3-adaf-f3dad7063b4d,https://open.spotify.com/track/1UVaFrs6jncorL9Mf018wz,GBCPZ1306875,0.0022,0.902,0.324,0.00522,7.0,0.146,-7.289,0.0,0.0485,123.002,0.604
1VMd7iCviE7xOFSuKKy4cY,a5fd2c53-f285-420b-9032-300acb35efef,https://open.spotify.com/track/1VMd7iCviE7xOFSuKKy4cY,GBKPL2289290,0.602,0.546,0.465,0.928,11.0,0.084,-16.023,0.0,0.0317,112.004,0.379
1XBCc9nBoYRVgkJOQEy24t,999882cc-ccfd-4448-a10c-bc38a607a944,https://open.spotify.com/track/1XBCc9nBoYRVgkJOQEy24t,DEMM11900025,0.0223,0.866,0.725,0.943,0.0,0.0515,-12.501,1.0,0.0919,122.007,0.108
1YZfONGrZy7ChnfnaGjbHO,bdda8320-d1df-4532-b33f-2cdd68580fec,https://open.spotify.com/track/1YZfONGrZy7ChnfnaGjbHO,GBCFB1600808,0.755,0.417,0.5,0.633,2.0,0.354,-13.069,0.0,0.0341,116.866,0.418
1ZJ1EQsErJCPmjNUbwNDr7,6354af1c-53a4-45f6-825b-dab5ae4b4f14,https://open.spotify.com/track/1ZJ1EQsErJCPmjNUbwNDr7,DEGR72012081,0.00114,0.773,0.338,0.818,2.0,0.0641,-11.242,1.0,0.0493,120.016,0.0583
1aBvWiDl37PlNsNAr2pWpc,41198970-6d46-4865-86fe-8e885c029f94,https://open.spotify.com/track/1aBvWiDl37PlNsNAr2pWpc,DEEC32100011,0.00201,0.756,0.527,0.509,8.0,0.112,-11.861,1.0,0.0428,119.996,0.248
1fgyXs9dffBHKRyaE6cq7F,ad288319-b259-4211-91f8-9079b68e0a80,https://open.spotify.com/track/1fgyXs9dffBHKRyaE6cq7F,DEU672200037,0.503,0.804,0.555,0.903,1.0,0.113,-12.913,1.0,0.103,116.997,0.377
1jy7SkRcmBCTcv4ZMtwz29,799b5372-1d05-4f6d-9c16-3a40ac6cd80f,https://open.spotify.com/track/1jy7SkRcmBCTcv4ZMtwz29,UK7MC1500008,0.00462,0.646,0.63,0.27,8.0,0.122,-10.748,0.0,0.0435,109.018,0.164
1l2K4CLTVdxt3IHxVEYJQQ,3d2be5e5-5978-47de-9160-c7a7f67d98cb,https://open.spotify.com/track/1l2K4CLTVdxt3IHxVEYJQQ,GBV8E1506601,0.46,0.735,0.828,0.927,6.0,0.104,-8.063,1.0,0.038,123.019,0.751
1lvpyd1lQjutZa6YnAE8aH,8e6994c9-bf41-4eec-bf02-045ef71785e2,https://open.spotify.com/track/1lvpyd1lQjutZa6YnAE8aH,UKA2G1616018,0.0447,0.721,0.838,0.749,8.0,0.0445,-7.579,1.0,0.0428,125.999,0.453
1nypEUjcDSQW8xCfVEm6kl,07c38d6f-dccf-4b5d-b3b8-6dbb6985fdcf,https://open.spotify.com/track/1nypEUjcDSQW8xCfVEm6kl,DEDH71100034,0.289,0.788,0.391,0.854,2.0,0.134,-14.232,1.0,0.0736,117.979,0.206
1p4tu3M9DrhpJkpLu8UZAx,bb8dbc46-f0e1-45d8-927b-77974a292999,https://open.spotify.com/track/1p4tu3M9DrhpJkpLu8UZAx,NLL561102964,0.00913,0.879,0.626,0.717,11.0,0.101,-10.262,0.0,0.0956,115.98,0.678
1rf4SX7dduNbrNnOmupLzi,d490744f-2ac8-4e09-b6e6-a62ac3292b1b,https://open.spotify.com/track/1rf4SX7dduNbrNnOmupLzi,GBAHS2300908,0.582,0.747,0.867,0.00413,0.0,0.114,-7.311,1.0,0.088,124.014,0.684
1rzpBug5iLlcjTJcHF5OeL,0d228093-b114-46dc-9581-839e843c9962,https://open.spotify.com/track/1rzpBug5iLlcjTJcHF5OeL,DELG71401030,0.0469,0.745,0.789,0.821,6.0,0.0675,-7.245,0.0,0.0926,128.988,0.614
1tT91K7fbYyrkPnFnYznYX,640b6957-14ac-4771-a420-2698592977a0,https://open.spotify.com/track/1tT91K7fbYyrkPnFnYznYX,US78L2022011,0.186,0.639,0.727,0.0301,7.0,0.552,-8.191,1.0,0.11,111.021,0.607
1uTK4zF50iQjvop8L4N2fR,34130b80-e44c-4677-bc61-dcc3b5163508,https://open.spotify.com/track/1uTK4zF50iQjvop8L4N2fR,QM7281453199,0.528,0.839,0.556,0.874,9.0,0.16,-10.164,0.0,0.158,118.033,0.11
1vApfb0t4KdOFKwbnlQlwa,b8ecf1f8-0227-4d7c-b5ae-835244f884eb,https://open.spotify.com/track/1vApfb0t4KdOFKwbnlQlwa,US2J72201004,0.00111,0.81,0.634,0.928,0.0,0.0584,-10.802,1.0,0.0763,124.004,0.684
1vQH06LJXlkb8ikAaCYk3z,2a66c683-ca02-447c-812d-58981c9c8505,https://open.spotify.com/track/1vQH06LJXlkb8ikAaCYk3z,BEN581900434,0.133,0.903,0.398,0.00868,7.0,0.133,-9.161,0.0,0.269,110.011,0.58
1y2k6O4zhzYsaTRy3bTpbX,b02454c1-7692-445e-83c1-b1cb415a86e7,https://open.spotify.com/track/1y2k6O4zhzYsaTRy3bTpbX,DEU672200032,0.234,0.8,0.602,0.931,5.0,0.104,-13.483,0.0,0.115,110.997,0.552
1z3roU3y19kIFTQDCBUeZ8,943dab88-5183-4d44-8002-3acd190547ea,https://open.spotify.com/track/1z3roU3y19kIFTQDCBUeZ8,GBKPL1828926,0.00632,0.793,0.63,0.859,0.0,0.0547,-7.249,1.0,0.0445,123.018,0.42
1z4wF1YNe3FphOqyD2eRqY,c620fd31-7a27-4f50-9c68-41009c24cd5c,https://open.spotify.com/track/1z4wF1YNe3FphOqyD2eRqY,SEYOK1832281,0.137,0.97,0.516,0.011,0.0,0.073,-9.641,1.0,0.112,110.149,0.964
1zAIRb8mTj8CcAUXW2FoMd,99ee2b9a-a427-41e4-ace4-7ddba5b60991,https://open.spotify.com/track/1zAIRb8mTj8CcAUXW2FoMd,GBAHS2001195,0.132,0.573,0.727,0.0584,0.0,0.192,-7.616,1.0,0.0664,150.034,0.22
1zhDpvOvlY7zd8k0fnz3vV,b0028229-3f7d-4caf-8f0f-c79699fd1c76,https://open.spotify.com/track/1zhDpvOvlY7zd8k0fnz3vV,DEU672100437,0.00517,0.793,0.408,0.919,1.0,0.0959,-10.542,1.0,0.0695,97.516,0.679
1zrD9siDiFNYPJ9wQNYhU8,bc0ab14b-8e8e-44dd-a1bd-b544b04638a4,https://open.spotify.com/track/1zrD9siDiFNYPJ9wQNYhU8,QZNWQ2175164,0.000148,0.634,0.877,0.904,6.0,0.0353,-6.64,1.0,0.0444,125.0,0.585
200DiJQhDi69nkGXOrrJgn,543c206e-dae8-4dc3-bc7b-07bb45eb5b4a,https://open.spotify.com/track/200DiJQhDi69nkGXOrrJgn,DEEC33501048,0.0223,0.72,0.534,0.86,4.0,0.11,-11.949,0.0,0.0375,120.009,0.0393
20UHvc0qLIAhvNvUMsRnuO,241c9b4e-baba-4656-b8e0-4753819288b5,https://open.spotify.com/track/20UHvc0qLIAhvNvUMsRnuO,DEU672100443,0.0136,0.862,0.753,0.901,2.0,0.0993,-9.515,1.0,0.107,113.011,0.55
20gHSNB4R3e5A1eVbNyO2l,4f5a17f7-f36e-4c8a-b80a-ac0fc83be52e,https://open.spotify.com/track/20gHSNB4R3e5A1eVbNyO2l,NLHR21300121,0.235,0.563,0.542,0.896,4.0,0.0984,-11.745,0.0,0.0335,170.053,0.0375
27GvArdp4i89DRn9FGavYl,79f76c6f-d322-4ffb-8e93-32b7c53ed989,https://open.spotify.com/track/27GvArdp4i89DRn9FGavYl,GBCPZ1206693,0.787,0.915,0.596,0.000368,1.0,0.0608,-8.838,1.0,0.17,118.962,0.44
29uV44ZOimqls6SGybVRxM,0ee72f34-e256-4470-8ea8-572941e17e86,https://open.spotify.com/track/29uV44ZOimqls6SGybVRxM,DEMM11200027,0.336,0.773,0.436,0.799,9.0,0.153,-10.487,0.0,0.0336,120.011,0.222
2B6DN44NTCOoSG6SV7TS8N,7b860df8-6ee9-4bcb-a2aa-d51133636f61,https://open.spotify.com/track/2B6DN44NTCOoSG6SV7TS8N,BE6F51601110,0.0135,0.66,0.714,0.377,1.0,0.0676,-7.179,1.0,0.0461,122.947,0.223
2BKNPdLAy8CECtyVMn7jSX,d9a82118-0781-4bed-9331-f49e03af05fe,https://open.spotify.com/track/2BKNPdLAy8CECtyVMn7jSX,DEUE12427562,0.039,0.704,0.729,0.565,8.0,0.115,-9.78,0.0,0.044,120.976,0.607
2DKB5n0Nf54tewQaoSzSL3,a7e29272-ea3d-4b71-967a-9c9e6cfaa590,https://open.spotify.com/track/2DKB5n0Nf54tewQaoSzSL3,DECY51368064,0.00821,0.852,0.311,0.732,11.0,0.0863,-12.966,0.0,0.126,115.008,0.748
2DcJkWo9Bs8Jv5u0JKxI7W,bcf07999-786e-41a5-8597-b7658623b3ed,https://open.spotify.com/track/2DcJkWo9Bs8Jv5u0JKxI7W,BRUM72100964,0.0789,0.648,0.69,0.147,2.0,0.128,-10.21,1.0,0.0327,125.027,0.334
2IClCJEjI5oQKCPAHKmi2W,86968457-579a-415f-992b-bd5a57afbc28,https://open.spotify.com/track/2IClCJEjI5oQKCPAHKmi2W,GBJX37901003,0.00354,0.861,0.554,0.864,5.0,0.0417,-11.133,0.0,0.0612,117.988,0.604
2IUqs0kKxFCkwJBPLi8wAo,7ced4c14-8204-481b-a376-673717a538c2,https://open.spotify.com/track/2IUqs0kKxFCkwJBPLi8wAo,DEU671601866,0.00019,0.658,0.87,0.923,0.0,0.125,-6.524,1.0,0.0374,122.986,0.773
2J1Bf9a7QNgtevj4p0OLgC,b7b7edf7-cb72-4abc-8294-b9fad0285f0b,https://open.spotify.com/track/2J1Bf9a7QNgtevj4p0OLgC,DEU672100448,0.538,0.766,0.413,0.889,7.0,0.0873,-14.198,1.0,0.213,100.001,0.303
2JgWmx3VkBR3zPVfipaChc,1e18b435-8bf5-487f-8c4d-fd03a81cb15c,https://open.spotify.com/track/2JgWmx3VkBR3zPVfipaChc,DECY51360093,0.00734,0.685,0.74,0.885,1.0,0.129,-8.999,1.0,0.0492,118.023,0.229
2KW0QeK7pKJKwr2bcA8tFd,6fcce3be-dc8e-4c07-b105-0499603d8c8a,https://open.spotify.com/track/2KW0QeK7pKJKwr2bcA8tFd,GB7NR1116236,0.00694,0.829,0.786,0.811,1.0,0.0675,-10.997,1.0,0.0715,121.999,0.613
2LjSzNiGqekZXiXyeCDqSl,66b2ae6d-4304-471f-b7e8-9ed3d7a9767b,https://open.spotify.com/track/2LjSzNiGqekZXiXyeCDqSl,GBZSD2000001,0.00347,0.625,0.834,0.366,7.0,0.0733,-5.993,1.0,0.0732,175.039,0.272
2OT7zTr3OdwgVRIuEXsvkR,4ccdac68-2479-43d6-beb0-df46ae9a527c,https://open.spotify.com/track/2OT7zTr3OdwgVRIuEXsvkR,DEU670500097,0.137,0.807,0.71,0.925,8.0,0.0893,-11.152,0.0,0.0555,125.014,0.366
2Oo1k6CHjsc8rEQxgW4yhh,8f7af584-3043-4804-b2a5-a05cc2aea543,https://open.spotify.com/track/2Oo1k6CHjsc8rEQxgW4yhh,DEU672200028,0.188,0.704,0.586,0.838,7.0,0.0938,-11.559,0.0,0.0393,115.022,0.091
2SmDsqV1mfn1dQ658EHpa3,942f18c7-c477-4d68-8c02-89f370d28a79,https://open.spotify.com/track/2SmDsqV1mfn1dQ658EHpa3,DEEC31600027,0.201,0.724,0.492,0.678,7.0,0.0976,-11.917,1.0,0.0405,120.003,0.126
2X8WBxWhCui9xpJBPZMWab,a8743f9a-1cef-4703-a8e7-d359c13f74fa,https://open.spotify.com/track/2X8WBxWhCui9xpJBPZMWab,DECY51118071,0.000316,0.814,0.461,0.812,9.0,0.0638,-12.177,0.0,0.0712,122.002,0.468
2Yc1SkH8ye0fQ0cG2f6jhO,100e2e39-e397-440b-b8c7-6ca408412298,https://open.spotify.com/track/2Yc1SkH8ye0fQ0cG2f6jhO,USYBL1901405,0.00589,0.814,0.705,0.934,9.0,0.0817,-10.316,0.0,0.0399,118.978,0.952
2Yv1DMJS8wQAAy8cxkTxZd,f11bead1-4fb8-4b2d-aa95-afbd3e123042,https://open.spotify.com/track/2Yv1DMJS8wQAAy8cxkTxZd,GBKQU1883083,0.000206,0.635,0.475,0.835,7.0,0.1,-11.623,1.0,0.038,119.006,0.234
2aJDlirz6v2a4HREki98cP,0c598c3b-06fa-4bf6-90be-71d3dbe2e362,https://open.spotify.com/track/2aJDlirz6v2a4HREki98cP,GBCFB1700229,0.0158,0.853,0.798,0.948,4.0,0.0967,-7.995,0.0,0.068,129.983,0.42
2bB6iDVgm25WkYv0yBz1BD,3331f5a9-0f7a-4ea7-89ba-d95144416483,https://open.spotify.com/track/2bB6iDVgm25WkYv0yBz1BD,GBWZD1406203,0.023,0.804,0.406,0.837,7.0,0.106,-11.154,0.0,0.0472,120.012,0.124
2bpvml9LqQIWz1wkiYUcv0,fe652e2d-ebc4-4f30-ae2a-4dbe45ff1ac8,https://open.spotify.com/track/2bpvml9LqQIWz1wkiYUcv0,NLM971500020,0.112,0.81,0.686,0.893,7.0,0.0765,-10.329,1.0,0.0601,120.01,0.72
2byiq9pZkmCmUmNK5caiRy,d203b08b-8fd6-43dc-a378-22d54fd51af8,https://open.spotify.com/track/2byiq9pZkmCmUmNK5caiRy,GB7M21425001,0.0127,0.69,0.739,0.905,3.0,0.0744,-11.513,0.0,0.059,125.006,0.384
2cW1trFMmrZYta7YVsTKTt,6b735ed3-4cb1-4e75-bd0d-881090282cc6,https://open.spotify.com/track/2cW1trFMmrZYta7YVsTKTt,DECY51208051,0.0721,0.668,0.698,0.562,1.0,0.141,-11.237,0.0,0.0414,106.993,0.476
2fHFLyzAQYlguX5q0DfKlD,9cc98e5e-c0d0-4135-9457-525b02828f3c,https://open.spotify.com/track/2fHFLyzAQYlguX5q0DfKlD,UK7MC1500009,0.12,0.657,0.597,0.0,11.0,0.477,-9.919,0.0,0.168,89.606,0.486
2fRaBCpbDVhvozgOmIBGoc,6a632e54-ac79-4b6f-b85c-51e89180670c,https://open.spotify.com/track/2fRaBCpbDVhvozgOmIBGoc,DEU671000136,0.00368,0.854,0.442,0.61,4.0,0.096,-11.897,0.0,0.0889,125.001,0.639
2hWYwgaVa55pfXHlsHWenv,fc1eac05-f021-46d6-9134-1f28a1697dda,https://open.spotify.com/track/2hWYwgaVa55pfXHlsHWenv,DEBY41200273,0.000297,0.779,0.464,0.825,2.0,0.102,-8.914,1.0,0.0685,120.999,0.407
2hsYU8X72kPv8fhhQIBQlp,9db172b9-32c3-4654-b6f8-d5fd26e8a847,https://open.spotify.com/track/2hsYU8X72kPv8fhhQIBQlp,GBCFB2200931,0.158,0.639,0.675,0.013,7.0,0.108,-10.56,0.0,0.167,148.94,0.254
2hxncH0fB7WAu41290aQY2,f04b5e8d-2daf-4789-9653-611229fec55d,https://open.spotify.com/track/2hxncH0fB7WAu41290aQY2,DELG71100282,0.0804,0.81,0.515,0.211,9.0,0.0976,-11.768,0.0,0.0809,125.007,0.604
2iEg4pdcSkk5FrDMHHfIkI,ba09f824-6ed9-4d90-8fda-47fe6036b278,https://open.spotify.com/track/2iEg4pdcSkk5FrDMHHfIkI,DEPL91801124,0.000276,0.825,0.606,0.799,9.0,0.0817,-10.75,1.0,0.0868,127.01,0.609
2j8aMIzFC5QhzyMOx7Sbj6,77c4a276-009c-48ad-8f5a-e7d8230f5f51,https://open.spotify.com/track/2j8aMIzFC5QhzyMOx7Sbj6,GBAHS2001194,0.0286,0.837,0.71,0.019,2.0,0.0649,-7.109,1.0,0.0762,123.021,0.694
2jpV3AxjRVaV5FMcD1FBmI,c42be63f-7c51-4821-9bbe-e019b7310e31,https://open.spotify.com/track/2jpV3AxjRVaV5FMcD1FBmI,DECY61100082,0.235,0.808,0.743,0.00119,1.0,0.509,-9.04,1.0,0.0363,116.981,0.527
2jzdxxtPk8hI5AlVJMI1dh,4ed4095c-98a9-4e24-92a4-70aec2409a16,https://open.spotify.com/track/2jzdxxtPk8hI5AlVJMI1dh,usdy41611449,0.00426,0.776,0.811,0.126,2.0,0.897,-10.465,0.0,0.0494,120.626,0.743
2o9fz1ALwGI65oMzueYMUI,69ab8c16-6f5f-44c3-ab6c-cea64710c300,https://open.spotify.com/track/2o9fz1ALwGI65oMzueYMUI,DEEC31500014,0.00212,0.777,0.739,0.868,9.0,0.109,-9.089,1.0,0.039,119.992,0.202
2oJa7csoKpCNhfUPcCCppK,6ce8b1db-9663-47e0-bbc5-d1bd33d12718,https://open.spotify.com/track/2oJa7csoKpCNhfUPcCCppK,DED621401198,0.103,0.344,0.921,0.619,9.0,0.112,-5.879,0.0,0.0377,136.941,0.407
2odeBencPKlXKsB1z0ilZF,32aae1d9-88f9-4e24-88e3-bf4d334009bd,https://open.spotify.com/track/2odeBencPKlXKsB1z0ilZF,UK6821801372,0.0443,0.799,0.818,0.92,8.0,0.0976,-11.966,0.0,0.0623,119.006,0.509
2oi4PObefBW7wXCtJri983,9f71dbb0-e093-4922-8027-eda605f5faad,https://open.spotify.com/track/2oi4PObefBW7wXCtJri983,DEMM11600016,0.0202,0.768,0.636,0.814,9.0,0.0996,-11.928,0.0,0.0424,123.015,0.291
2qMdBjb1wlIaxXlhaH2mxf,b761db48-c5ae-464c-9ab5-852cca10dd0f,https://open.spotify.com/track/2qMdBjb1wlIaxXlhaH2mxf,US2J72201003,0.0127,0.809,0.679,0.0123,4.0,0.0898,-12.433,0.0,0.0731,121.475,0.492
2sLVs5iX0osogh4jcsAJkv,a3ed4a3a-463d-419a-84ca-b1e02076204c,https://open.spotify.com/track/2sLVs5iX0osogh4jcsAJkv,GBAHS2201033,0.00159,0.678,0.931,0.0275,5.0,0.091,-5.813,1.0,0.0867,130.021,0.346
2v9ITbt0F3bfEtjRYA2Spq,968ffff0-020a-4cd1-814a-acfaa5eadda4,https://open.spotify.com/track/2v9ITbt0F3bfEtjRYA2Spq,DEEC61200110,0.0346,0.883,0.467,0.568,2.0,0.0545,-10.301,0.0,0.139,118.029,0.49
2wIsW59VvSFcHebI1FoimS,314f4e44-0a1a-495a-af44-b9e3e9254b71,https://open.spotify.com/track/2wIsW59VvSFcHebI1FoimS,GBCFB2200938,0.352,0.726,0.616,0.337,8.0,0.117,-10.947,1.0,0.0707,119.986,0.301
2yOHiRuunzKKVJP07cItnc,e7de1a37-6f31-4ccb-a971-0ad8dfaa6b9e,https://open.spotify.com/track/2yOHiRuunzKKVJP07cItnc,GBAHT1300527,0.00765,0.809,0.656,0.0232,9.0,0.127,-8.613,0.0,0.0422,115.989,0.911
2yvoDFXqwBYnLfddc5GgOs,abf38555-38a2-4e10-8931-42c46ee77b60,https://open.spotify.com/track/2yvoDFXqwBYnLfddc5GgOs,GB7NR1116202,0.000179,0.851,0.555,0.929,6.0,0.138,-10.676,0.0,0.0497,123.993,0.879
303ccTay2FiDTZ9fZ2AdBt,09e0b256-a37d-40b9-9cac-285930679760,https://open.spotify.com/track/303ccTay2FiDTZ9fZ2AdBt,FR11Q9800000,0.00105,0.735,0.72,0.15,1.0,0.382,-7.04,1.0,0.336,124.174,0.364
30regQaeCrPnkelytkcrBD,3f16be08-1e6f-4468-9e41-a48fbe62b26b,https://open.spotify.com/track/30regQaeCrPnkelytkcrBD,USSUB1195513,0.0405,0.614,0.716,0.168,1.0,0.113,-8.446,1.0,0.0307,126.997,0.499
35frAQ7zpNzfsjBwSH5F8g,919b3280-9673-41fb-88fc-15bc38b4716d,https://open.spotify.com/track/35frAQ7zpNzfsjBwSH5F8g,GB7NR1172003,0.000349,0.831,0.558,0.831,1.0,0.072,-13.188,1.0,0.0728,122.013,0.777
35j6qaE7aznhmzNe7Ubcch,2e1d89e3-a6db-4f67-aefa-1cc00142ffc6,https://open.spotify.com/track/35j6qaE7aznhmzNe7Ubcch,UKHL81500003,0.00242,0.786,0.65,0.317,11.0,0.132,-8.83,0.0,0.0567,116.989,0.322
35p0Z5yZDogaXoWXhMVEv4,434c8bdd-b310-4930-908e-16976b5b95f7,https://open.spotify.com/track/35p0Z5yZDogaXoWXhMVEv4,DED621401192,0.772,0.456,0.404,0.777,0.0,0.78,-9.1,1.0,0.0601,128.028,0.48
37BzAJBhR9OFjuPpO9Peeq,144318e9-4243-4356-84bf-34d40e1b14a7,https://open.spotify.com/track/37BzAJBhR9OFjuPpO9Peeq,QZTAT2363824,0.0831,0.693,0.447,0.897,1.0,0.135,-15.209,1.0,0.0361,123.992,0.287
38ve0Uv4NVE7R0P73E17hJ,aa900f78-82da-4180-b4e8-2c64b6a4e07e,https://open.spotify.com/track/38ve0Uv4NVE7R0P73E17hJ,DECY51180561,0.00742,0.804,0.399,0.845,9.0,0.1,-15.414,0.0,0.106,124.008,0.0559
3CaFlvMtboeeNFRKHHdsud,427102c1-f88e-4a02-ad7f-8c39724fdfe6,https://open.spotify.com/track/3CaFlvMtboeeNFRKHHdsud,FRX851700798,0.846,0.633,0.289,0.489,9.0,0.109,-16.518,0.0,0.0302,102.02,0.59
3Cn6clPw1B4Vgjvy8XfXTB,c75f3eac-5037-49de-986b-2469201518c6,https://open.spotify.com/track/3Cn6clPw1B4Vgjvy8XfXTB,DEMM11800015,0.00318,0.709,0.74,0.801,7.0,0.127,-8.614,0.0,0.04,118.984,0.269
3FX5smaVeLj7p6GqFzAnZq,9c5c596d-b321-4182-9a04-891e9c1c1ac1,https://open.spotify.com/track/3FX5smaVeLj7p6GqFzAnZq,DEMM11400019,0.000526,0.691,0.731,0.766,9.0,0.0738,-11.615,0.0,0.0391,117.993,0.267
3Gri5flAMOtJrq6u92WMWL,3c6cd8fd-300c-4671-abcb-02a712dcf896,https://open.spotify.com/track/3Gri5flAMOtJrq6u92WMWL,DEZ651712012,0.574,0.489,0.675,0.919,11.0,0.097,-10.472,0.0,0.0317,118.02,0.0378
3HzJXvrrQk7rwwsVaf91gg,d6d616bb-5f6d-4354-b8cc-dd08a80071de,https://open.spotify.com/track/3HzJXvrrQk7rwwsVaf91gg,DEU670500113,0.0193,0.82,0.476,0.84,4.0,0.164,-12.399,0.0,0.0769,124.565,0.0596
3KfDSBOaumGB0Oqzcz9ora,fa5cbb2b-4b41-49ab-9bc9-faa4abff03a3,https://open.spotify.com/track/3KfDSBOaumGB0Oqzcz9ora,DEPX42300638,0.000115,0.762,0.925,0.879,1.0,0.111,-12.14,1.0,0.0394,124.007,0.0744
3KmzZk1OtrY7eNvAliEaiP,c04ce5eb-27e8-440a-8b5e-860940746784,https://open.spotify.com/track/3KmzZk1OtrY7eNvAliEaiP,GBCFB2300438,0.0273,0.673,0.804,0.505,0.0,0.0485,-10.389,1.0,0.0458,124.021,0.0641
3Kp7DMwkEHOZfHqS4Zwaaj,913d18bb-bb2f-405f-9517-115f8fa45def,https://open.spotify.com/track/3Kp7DMwkEHOZfHqS4Zwaaj,DEU671700225,0.00443,0.681,0.602,0.858,5.0,0.154,-11.559,0.0,0.041,119.019,0.27
3MXmUXRFXn4ydAVrYPV0N2,8e9bf295-1ef2-428b-b8eb-27714c9fab49,https://open.spotify.com/track/3MXmUXRFXn4ydAVrYPV0N2,NLL561102917,0.0578,0.804,0.756,0.815,6.0,0.0584,-8.034,0.0,0.053,116.998,0.213
3OjXa0HLoWhbwxyDSNWTGa,db1df108-a4b5-407f-808c-c076fa0efbe7,https://open.spotify.com/track/3OjXa0HLoWhbwxyDSNWTGa,GBCFB1402500,0.0275,0.845,0.564,0.714,9.0,0.0753,-11.955,0.0,0.102,123.979,0.356
3PpvhYXmJdfoxeXGWJmeas,ad8019cb-7045-466b-a8d8-f4db31e0ae34,https://open.spotify.com/track/3PpvhYXmJdfoxeXGWJmeas,CH7531800007,6.48e-05,0.904,0.727,0.861,7.0,0.0737,-9.992,0.0,0.0591,122.002,0.408
3QnJYRhqqpEDHf2zkIP7SO,3b052873-0939-4fd3-a24f-f73e66cb25ab,https://open.spotify.com/track/3QnJYRhqqpEDHf2zkIP7SO,DEQI21610295,0.0849,0.798,0.385,0.914,8.0,0.0843,-12.959,0.0,0.103,125.018,0.523
3SocpdBxeWEwfvXrMrP9is,77231590-687b-4674-9513-8a47e0876446,https://open.spotify.com/track/3SocpdBxeWEwfvXrMrP9is,ITK141301134,0.00351,0.803,0.887,0.00859,2.0,0.134,-5.065,0.0,0.0559,119.942,0.73
3TdQ37Ij8ktddsuNK59NTI,a764dd93-7098-47e2-a5b8-8768f5c3911d,https://open.spotify.com/track/3TdQ37Ij8ktddsuNK59NTI,DEPI81302435,0.867,0.828,0.268,0.662,9.0,0.114,-14.673,0.0,0.0408,119.977,0.259
3VtTuQ6lypMoOBcm6VMzdh,1287f2f3-3a4b-402e-b9a8-2c48db3e558f,https://open.spotify.com/track/3VtTuQ6lypMoOBcm6VMzdh,GBCFB1800028,0.103,0.826,0.72,0.773,9.0,0.11,-9.582,0.0,0.119,127.011,0.287
3a1kfHUryLBbWPM4OpPh52,419cf307-0f6c-4f19-9e07-ac5ef7f8593f,https://open.spotify.com/track/3a1kfHUryLBbWPM4OpPh52,US2J72201010,0.141,0.785,0.527,0.526,6.0,0.0905,-12.983,0.0,0.119,125.99,0.823
3di4kywpr2UOAhDKOefxHo,14b5febe-6ee9-429c-8fc9-6f80cfe3c150,https://open.spotify.com/track/3di4kywpr2UOAhDKOefxHo,USYF71100010,0.0825,0.979,0.42,0.0257,11.0,0.0926,-12.122,1.0,0.186,120.001,0.589
3eio3M9ka1Y8W1KIVCZ5Wh,7c1db32f-274e-451e-b93e-3c60d570e968,https://open.spotify.com/track/3eio3M9ka1Y8W1KIVCZ5Wh,DEU671300119,0.986,0.688,0.21,0.952,4.0,0.11,-16.371,0.0,0.0406,94.008,0.0727
3g95X1YbfD5pAXnmRTTHn9,fefab2c4-561a-40ed-9980-687d45721abc,https://open.spotify.com/track/3g95X1YbfD5pAXnmRTTHn9,DEWI21700015,0.000964,0.863,0.342,0.0545,1.0,0.748,-10.984,1.0,0.265,117.974,0.269
3hZejPrhsp7LTt8OLSVuLT,73706ed1-46da-4a97-a885-f53ec986ff49,https://open.spotify.com/track/3hZejPrhsp7LTt8OLSVuLT,BEP010800117,0.046,0.8,0.374,0.0197,9.0,0.0928,-12.78,0.0,0.0596,122.004,0.625
3nIjf02LV4Rxcy0P4PFqDT,31c4aedb-06f3-4d36-b5a5-af50de38c96f,https://open.spotify.com/track/3nIjf02LV4Rxcy0P4PFqDT,USK7A1400031,0.0814,0.702,0.744,0.00112,1.0,0.127,-7.626,1.0,0.0305,114.998,0.0928
3qGGMGlMmSOufEbb5LKApZ,ac4d6707-5600-40e2-a09f-486d90dd2c68,https://open.spotify.com/track/3qGGMGlMmSOufEbb5LKApZ,USYBL1500406,0.000961,0.818,0.43,0.555,10.0,0.0443,-15.635,0.0,0.293,118.011,0.594
3qOuySPLpVyBXLuTNMgbRj,34ea1228-3b20-4dfe-8536-e232f00ffdfe,https://open.spotify.com/track/3qOuySPLpVyBXLuTNMgbRj,UK7MC1700151,0.301,0.759,0.909,0.844,0.0,0.0998,-7.85,0.0,0.0373,128.188,0.471
3rDfENKHLWI4TopYMMhnbY,67bd7ec8-4715-4f06-92fc-a67eb23f24b8,https://open.spotify.com/track/3rDfENKHLWI4TopYMMhnbY,GBKQU2109262,0.00209,0.794,0.749,0.767,8.0,0.0965,-11.789,1.0,0.0468,132.991,0.567
3rWAfm4Fu89vewYmhqlxKE,655f4de7-bac6-4271-a0a8-acc5ce956fec,https://open.spotify.com/track/3rWAfm4Fu89vewYmhqlxKE,DEY471881776,0.000344,0.859,0.508,0.927,6.0,0.11,-9.522,0.0,0.0506,123.01,0.484
3s8Kfk2WvDmmsvlyiMjknu,b03c99a5-47a6-4f45-b0cb-4fb97121ea74,https://open.spotify.com/track/3s8Kfk2WvDmmsvlyiMjknu,NLM650500157,0.00612,0.745,0.625,0.929,10.0,0.0615,-11.487,0.0,0.042,126.015,0.561
3sDPYg28bbMOkhDkE7nhAD,b0419519-ffb0-42ed-8dfc-0f98b8edf493,https://open.spotify.com/track/3sDPYg28bbMOkhDkE7nhAD,DEH741005972,0.000219,0.77,0.658,0.356,0.0,0.0718,-8.011,0.0,0.0345,124.996,0.543
3sZVs1Z5FtY830t3PmX9Ha,6bfb421e-9379-4c0b-a67f-a7df74135dde,https://open.spotify.com/track/3sZVs1Z5FtY830t3PmX9Ha,DEU671700031,0.597,0.669,0.686,0.0953,0.0,0.104,-9.123,0.0,0.043,109.998,0.282
3tcwR23qgmryW4HtV8mksH,cd9ddb51-4e33-4358-9256-f75927beb2a3,https://open.spotify.com/track/3tcwR23qgmryW4HtV8mksH,DECY61600014,0.0236,0.681,0.415,0.928,10.0,0.114,-14.002,0.0,0.0413,124.023,0.248
3u5qqPbHmDkkp8dEaFvivb,6816cb63-3155-42cb-934e-aaf8fda939d0,https://open.spotify.com/track/3u5qqPbHmDkkp8dEaFvivb,DEU671400091,0.154,0.691,0.298,0.603,4.0,0.114,-11.774,0.0,0.0918,120.016,0.289
3ueAwidIQ4nmBh2UJCMzXN,f3fa0c3a-6d73-4b3d-8683-6b138d65bc7c,https://open.spotify.com/track/3ueAwidIQ4nmBh2UJCMzXN,GBCEL2300186,0.214,0.647,0.419,0.922,7.0,0.108,-19.713,1.0,0.0502,118.003,0.0643
3xf6k05gteFP2FERtQVRUz,064ae632-ac24-48d2-9e32-120c558fffd8,https://open.spotify.com/track/3xf6k05gteFP2FERtQVRUz,GBJX31955016,0.000144,0.709,0.877,0.867,2.0,0.116,-9.986,1.0,0.041,123.994,0.171
409z4jUHpq7eIkg3N3FzZh,54f79881-ab69-4443-82bd-04c197d7cc46,https://open.spotify.com/track/409z4jUHpq7eIkg3N3FzZh,GBBPW9900038,0.132,0.696,0.775,0.00879,10.0,0.37,-5.097,0.0,0.142,123.023,0.474
41onuduPljWchjVaJRHCvZ,514da06a-3227-4e12-a830-7e7b2902694c,https://open.spotify.com/track/41onuduPljWchjVaJRHCvZ,DEMM11000032,0.619,0.753,0.595,0.468,0.0,0.0834,-17.723,1.0,0.05,119.964,0.113
4431Q8nyPDVoCv2LsHPjp9,dc8f26ba-95f9-472d-b0d8-ce56dd1e889e,https://open.spotify.com/track/4431Q8nyPDVoCv2LsHPjp9,DEY471982526,4.03e-05,0.846,0.592,0.396,2.0,0.0666,-8.252,1.0,0.0887,125.99,0.391
45WLF7x69NkJ6IudyJu8mp,55ffa56b-ddd7-49a1-a87a-2690cacf6710,https://open.spotify.com/track/45WLF7x69NkJ6IudyJu8mp,DEMM11600001,0.00157,0.805,0.521,0.667,1.0,0.0425,-9.095,1.0,0.0644,120.001,0.164
47pkqP7MM4Cszc67mCodjg,0923209d-c9cb-4209-bb44-8aa68580a3c4,https://open.spotify.com/track/47pkqP7MM4Cszc67mCodjg,DEG931600953,0.0107,0.616,0.372,0.906,3.0,0.193,-17.247,0.0,0.0508,124.0,0.343
4ABWPP59ItFKykdaDF09K5,f1722618-0c8f-4be6-b94a-19a7df5ec5ff,https://open.spotify.com/track/4ABWPP59ItFKykdaDF09K5,GBDUW0400105,0.783,0.697,0.548,0.841,1.0,0.132,-9.087,1.0,0.0561,133.005,0.977
4AYjxKVZaR3iyQ7YAUFWiu,859a7704-5f22-460f-afde-5830dc6f6734,https://open.spotify.com/track/4AYjxKVZaR3iyQ7YAUFWiu,QMDA62248327,0.000153,0.795,0.595,0.679,9.0,0.0857,-9.476,0.0,0.0541,123.995,0.599
4AcyXJTvy774APaDE45alo,6c833d76-af9c-4e4f-b99f-19b1b249d70d,https://open.spotify.com/track/4AcyXJTvy774APaDE45alo,DED621000415,0.0399,0.689,0.824,0.793,1.0,0.173,-7.373,1.0,0.0379,127.98,0.449
4C56C6K2EI6lljEWjNabYQ,6cc09cf7-9e29-44a3-ba48-70b4d8c659eb,https://open.spotify.com/track/4C56C6K2EI6lljEWjNabYQ,DEEC32100018,0.00234,0.657,0.558,0.924,11.0,0.111,-13.175,0.0,0.036,121.996,0.0556
4EMWALGTe4ROqvOOQjDt4T,90a34d3c-d1e4-483a-ac58-a2b519e930af,https://open.spotify.com/track/4EMWALGTe4ROqvOOQjDt4T,DECY61000031,0.184,0.709,0.711,0.106,5.0,0.0543,-6.821,0.0,0.0417,117.002,0.892
4FfEOGH7ux18D5SidVvfqF,03d37a94-0671-45d2-aa68-e236e65f560e,https://open.spotify.com/track/4FfEOGH7ux18D5SidVvfqF,DEEC61200111,0.113,0.905,0.339,0.884,1.0,0.593,-10.441,1.0,0.0855,120.0,0.523
4FtjMbx5rC3fUqcBJXhu1G,94665eff-7bf9-4d37-8c55-cfafe6e97908,https://open.spotify.com/track/4FtjMbx5rC3fUqcBJXhu1G,DEY471611119,0.000429,0.66,0.798,0.812,7.0,0.0898,-5.549,1.0,0.0394,123.013,0.42
4H6jI8PTPpZt7YJhbNHmEC,e8a54b2b-baa2-42c2-b157-48e4eb96ad42,https://open.spotify.com/track/4H6jI8PTPpZt7YJhbNHmEC,DEMM11300035,0.112,0.793,0.456,0.000395,5.0,0.311,-10.302,1.0,0.263,96.999,0.601
4J5q38uaQFUxdCHKuMKixs,255cf076-341b-4139-897f-b5b964df4471,https://open.spotify.com/track/4J5q38uaQFUxdCHKuMKixs,DECY51618271,0.0708,0.79,0.653,0.871,5.0,0.331,-12.42,1.0,0.0513,120.014,0.166
4JZENNLU8KzfvxVUDDyxNv,726369c6-1687-41fc-b6cc-d88706e3bafd,https://open.spotify.com/track/4JZENNLU8KzfvxVUDDyxNv,DEU672200042,0.286,0.811,0.437,0.936,11.0,0.0954,-13.065,1.0,0.0511,115.022,0.891
4KjNEsQ4jkqXwCmsn71a9p,5815791f-abd5-4c28-b43b-91d20a1ce855,https://open.spotify.com/track/4KjNEsQ4jkqXwCmsn71a9p,GBXNG1746004,0.83,0.659,0.667,0.896,1.0,0.118,-10.463,0.0,0.0326,132.907,0.637
4LTt3LIHKYhD2D1Mgfg2s1,a07872f3-71de-464c-9e6f-a3bc96ab0a63,https://open.spotify.com/track/4LTt3LIHKYhD2D1Mgfg2s1,DEG931100013,0.352,0.806,0.495,0.836,2.0,0.155,-10.892,1.0,0.0344,107.004,0.195
4MKaJhJVzKodfibZRzu4OP,a7bd73b0-b275-491a-85e2-b3431d46a6bc,https://open.spotify.com/track/4MKaJhJVzKodfibZRzu4OP,GBJX31815013,0.00888,0.776,0.586,0.672,11.0,0.0927,-12.796,0.0,0.165,123.038,0.521
4OtqragtOuKh41rBNnFXuK,4d8ac671-ca2b-46f3-8ccd-bb97e8ca9748,https://open.spotify.com/track/4OtqragtOuKh41rBNnFXuK,FRIDO2211452,0.39,0.758,0.878,0.866,11.0,0.1,-6.656,0.0,0.0549,134.019,0.0668
4PKNARMOQYM3wkAcsJgQUO,ef3ffdf3-f89d-459b-8a7d-1ce8e943b7ea,https://open.spotify.com/track/4PKNARMOQYM3wkAcsJgQUO,DEU672200036,0.099,0.843,0.297,0.028,7.0,0.0875,-10.552,0.0,0.134,108.982,0.681
4PP7EolO1uX4uSCuJchz6y,9ea0c5bd-15dd-4fc8-8381-4159b8cf7755,https://open.spotify.com/track/4PP7EolO1uX4uSCuJchz6y,DEHE41100004,0.012,0.811,0.408,0.896,0.0,0.104,-11.334,0.0,0.11,123.009,0.58
4Qu5sRSjnFlRQaRQ5pn8KX,6fad3ca6-9f2e-43b9-9f09-c54e5c84f282,https://open.spotify.com/track/4Qu5sRSjnFlRQaRQ5pn8KX,DEMM11900024,0.000582,0.746,0.692,0.699,9.0,0.115,-11.14,0.0,0.0538,118.006,0.291
4SXZvIjujIcmMtWbjnSwZT,83c8350c-ffff-438f-8477-05b560f9439e,https://open.spotify.com/track/4SXZvIjujIcmMtWbjnSwZT,GBCFB2200132,0.0201,0.701,0.843,0.568,11.0,0.0309,-8.227,0.0,0.0504,136.984,0.88
4TugMY8LvKANWzh0I3UBtY,ae2d7f98-8c3a-47c0-8062-55756861fb49,https://open.spotify.com/track/4TugMY8LvKANWzh0I3UBtY,DEEC32100013,0.000124,0.685,0.718,0.853,7.0,0.0524,-7.409,1.0,0.0357,124.021,0.108
4V0wJx3z1G1rNGAk3Ryk6c,0cfaa8b0-6300-4685-bca6-4565f2719b18,https://open.spotify.com/track/4V0wJx3z1G1rNGAk3Ryk6c,GBCFW1200043,5.16e-05,0.616,0.948,0.844,5.0,0.0951,-3.899,1.0,0.0436,137.202,0.522
4Wrd7TpAgRmlUtcbpJCW3T,6d4cd97f-6cd4-43e9-8e84-fa055d6c0bba,https://open.spotify.com/track/4Wrd7TpAgRmlUtcbpJCW3T,GBBKS2300335,0.00566,0.797,0.626,0.492,9.0,0.0922,-7.923,1.0,0.0455,140.001,0.0815
4XXfQ8fBHMIgcygY4hV6RC,1627ca12-ee71-425b-bfe3-75fc23eea8a5,https://open.spotify.com/track/4XXfQ8fBHMIgcygY4hV6RC,QM38F1700004,0.0173,0.929,0.573,0.00347,6.0,0.122,-6.934,0.0,0.0511,128.037,0.305
4Z4i631BesV0P6LTvfLAdL,18b10394-4776-4cee-9bb6-63460b48a688,https://open.spotify.com/track/4Z4i631BesV0P6LTvfLAdL,UKA2G1608004,0.661,0.741,0.619,0.674,1.0,0.125,-11.366,0.0,0.0514,126.008,0.146
4aNm6woQfV9XRkCmk51GSX,8905e26b-f6dd-4daf-af77-81060b57fda9,https://open.spotify.com/track/4aNm6woQfV9XRkCmk51GSX,GBBKS1300174,0.352,0.759,0.536,0.913,5.0,0.0847,-11.7,0.0,0.0626,118.109,0.147
4asL4YbaNSnmXuyDF0ijRq,bde81ef6-596a-4b6f-a830-e6395e869468,https://open.spotify.com/track/4asL4YbaNSnmXuyDF0ijRq,GBBPW1300158,0.00645,0.617,0.482,0.864,10.0,0.598,-15.434,0.0,0.0382,125.0,0.269
4hn3huWXsV2oYUJK14QnMy,f567d3ec-7b50-4792-8f6e-0fc34744e5f7,https://open.spotify.com/track/4hn3huWXsV2oYUJK14QnMy,QZBRF1863933,0.769,0.972,0.398,0.777,7.0,0.113,-12.117,0.0,0.251,120.041,0.266
4kAx3NX9Psu3f0s3uQydcS,15f6078d-f0ae-48f4-aa17-517ee9377953,https://open.spotify.com/track/4kAx3NX9Psu3f0s3uQydcS,UKPLG1800006,0.000833,0.882,0.556,0.732,2.0,0.0708,-8.453,1.0,0.176,124.88,0.6
4kpx4wMn5AGVY5gVN3XbB8,f414bbf4-e5b0-43f3-883f-18de2004b4ba,https://open.spotify.com/track/4kpx4wMn5AGVY5gVN3XbB8,DEQ022390196,0.000333,0.635,0.933,0.964,7.0,0.166,-7.264,1.0,0.0459,150.021,0.876
4lqiX5e9QW0W5F5c5X8oEV,5b84b14b-47ce-43c4-a58d-fd4bee17a51b,https://open.spotify.com/track/4lqiX5e9QW0W5F5c5X8oEV,NLC7F2100026,0.793,0.659,0.609,0.85,9.0,0.0645,-11.558,0.0,0.0312,117.025,0.103
4ozucyh6kcrFOIRLDH0Rkh,f5b3ff6c-c107-4329-bbb7-f1170bac3ba9,https://open.spotify.com/track/4ozucyh6kcrFOIRLDH0Rkh,GBRSW0900386,0.00105,0.795,0.55,0.675,6.0,0.0678,-11.055,1.0,0.0453,113.998,0.481
4pOGHiVeBuMP0v3Uc4qsiJ,2a9fabdf-7701-4253-b961-7d16abfe8a7c,https://open.spotify.com/track/4pOGHiVeBuMP0v3Uc4qsiJ,US2J72201002,0.0207,0.942,0.604,0.882,5.0,0.122,-10.708,0.0,0.0599,118.997,0.119
4qGD7uaQhKDes1s4bK6TAK,178eb59b-dbc1-49bf-8ae6-43126cbb81da,https://open.spotify.com/track/4qGD7uaQhKDes1s4bK6TAK,BEZ351700013,0.242,0.525,0.656,0.932,0.0,0.178,-12.92,0.0,0.0309,117.991,0.637
4rvnBqTmx66LlCJZLbLAOY,76ae9eec-ed45-4576-b647-5649382fd51a,https://open.spotify.com/track/4rvnBqTmx66LlCJZLbLAOY,USQY51621229,0.0385,0.656,0.693,0.831,5.0,0.111,-7.876,0.0,0.0704,122.029,0.158
4tMystxiZ3GjzoYDh7cd8y,0fde0707-2971-4d0f-9929-f18eae91a8c4,https://open.spotify.com/track/4tMystxiZ3GjzoYDh7cd8y,SE2WJ2106002,0.426,0.719,0.617,0.858,2.0,0.0812,-10.772,1.0,0.0345,114.003,0.217
4tftkHiFa89ood1SvNIqjB,1881c8d3-d3eb-4363-90b1-96b28a62df9d,https://open.spotify.com/track/4tftkHiFa89ood1SvNIqjB,DET751400013,0.0943,0.522,0.614,0.848,4.0,0.418,-12.242,0.0,0.0414,118.024,0.159
4uayzCHBoZ1cpTSpMmdMXB,1aec4ade-ee76-4cd8-8cb6-303b8a26da47,https://open.spotify.com/track/4uayzCHBoZ1cpTSpMmdMXB,GBWZD1710205,0.0577,0.678,0.629,0.865,1.0,0.111,-13.102,0.0,0.0442,124.99,0.305
4wORXNqyC9bELR7bQZvwB4,0ba42d90-3b51-49e0-bae6-6a7d5be3e8d3,https://open.spotify.com/track/4wORXNqyC9bELR7bQZvwB4,DEKB71391865,0.000712,0.826,0.778,0.467,8.0,0.092,-5.931,1.0,0.0686,127.972,0.71
4xEvNqpcOZEFrymxbIA4aS,1d2fe484-c58b-4d3d-8d36-2d4a06c24178,https://open.spotify.com/track/4xEvNqpcOZEFrymxbIA4aS,DEU671600074,0.653,0.598,0.293,0.821,0.0,0.0933,-16.457,1.0,0.0363,94.482,0.0427
4yrmNn7vsXtMkssVedBais,cef9efc7-11ec-4a1e-ba4a-46f98ccd64a5,https://open.spotify.com/track/4yrmNn7vsXtMkssVedBais,DECY61200009,0.000704,0.463,0.631,0.509,1.0,0.236,-11.486,1.0,0.036,115.997,0.269
4zhQpcdgO2OFUMRzcgSJu1,1c9b87de-fb85-4b07-869d-bca200a15e69,https://open.spotify.com/track/4zhQpcdgO2OFUMRzcgSJu1,US22N1307704,0.0636,0.757,0.48,0.723,0.0,0.314,-12.372,0.0,0.0307,109.963,0.406
4zjKAtgCwFSoVn39QPs8T4,663f9b96-f82b-459a-b85e-a6dd8e30db62,https://open.spotify.com/track/4zjKAtgCwFSoVn39QPs8T4,SE2WJ1300607,0.0052,0.755,0.731,0.855,2.0,0.216,-10.517,0.0,0.0413,118.002,0.613
50JUFDulDM1KtFxvjrKTHV,8a69eb1b-debb-4e01-8ea0-33fa4c7822fc,https://open.spotify.com/track/50JUFDulDM1KtFxvjrKTHV,DEH742039340,0.00571,0.756,0.786,0.873,0.0,0.182,-8.962,0.0,0.0645,109.99,0.157
50TVKYY0LRQAqKI8EfBqzC,0b6f04e0-9c5e-46b2-8458-acc8e07efd03,https://open.spotify.com/track/50TVKYY0LRQAqKI8EfBqzC,US4G90500310,0.00349,0.803,0.654,0.733,0.0,0.0859,-10.071,1.0,0.0468,128.007,0.435
50fxFTAHzlfl1BA9CVXBp4,d64137f9-8b48-48be-8412-f62605faf766,https://open.spotify.com/track/50fxFTAHzlfl1BA9CVXBp4,PLE072012802,0.00818,0.796,0.802,0.857,7.0,0.136,-9.101,1.0,0.0471,126.005,0.535
51xXCrw45Dm27ov8ANkKnA,8b86ba9d-da56-44fb-9dff-deb235a9a936,https://open.spotify.com/track/51xXCrw45Dm27ov8ANkKnA,DEL020480028,0.00375,0.814,0.443,0.766,6.0,0.143,-10.244,0.0,0.0782,123.002,0.427
521n5wagIZ1522mA2ynHDL,26449dfd-9413-4329-9133-7d92c9db6bf2,https://open.spotify.com/track/521n5wagIZ1522mA2ynHDL,GBAHS2101340,0.163,0.781,0.765,0.00112,0.0,0.903,-8.228,1.0,0.221,125.197,0.64
52a80UoQ2sVs0Z4k42K1fG,c4419345-2b4e-4432-a0f3-ff234f8ec8f6,https://open.spotify.com/track/52a80UoQ2sVs0Z4k42K1fG,DEU670500057,0.0469,0.661,0.273,0.551,9.0,0.13,-13.381,1.0,0.205,126.012,0.0784
53VT3g4fsGYCh4vjcU6Xx3,80c38eaf-09b2-4d97-8cab-9d71b0598d69,https://open.spotify.com/track/53VT3g4fsGYCh4vjcU6Xx3,UKFSV1800004,0.0105,0.853,0.57,0.819,1.0,0.141,-10.571,1.0,0.0603,126.003,0.497
53lCtJ3SW2w9nUlzxzccoo,6c2f2305-da6d-4751-b659-6bb545ab9820,https://open.spotify.com/track/53lCtJ3SW2w9nUlzxzccoo,DECY51903326,0.00584,0.866,0.634,0.28,9.0,0.635,-8.641,0.0,0.0396,127.041,0.503
53ziOQcwiQnwVLu9PQm88N,0904cb31-294c-4d1a-a484-15b23055930a,https://open.spotify.com/track/53ziOQcwiQnwVLu9PQm88N,GBJPB1500482,0.184,0.793,0.497,0.931,9.0,0.0815,-9.476,0.0,0.058,125.003,0.34
55s7B24EXzo2oklyJcVQID,507aed07-733f-42b2-b2e6-536c1808face,https://open.spotify.com/track/55s7B24EXzo2oklyJcVQID,GBBPW0100096,0.00559,0.726,0.52,0.865,6.0,0.109,-11.815,1.0,0.0529,130.686,0.319
573oIqNsYTPs6c73GgPrOc,82a8a989-5047-4b8f-ae8f-b6b2de431230,https://open.spotify.com/track/573oIqNsYTPs6c73GgPrOc,DEU672100447,0.206,0.733,0.358,0.91,10.0,0.127,-18.261,0.0,0.0426,117.011,0.0489
59AhbmCmtzcGVEYuzNXFIx,19228eb9-e79c-4fb2-bf4e-2b23add70747,https://open.spotify.com/track/59AhbmCmtzcGVEYuzNXFIx,GBUM72207844,0.115,0.896,0.787,0.501,6.0,0.3,-7.668,1.0,0.133,131.03,0.126
59GW6EKtdyaJ10t2yQdqrt,2ede8244-5f90-40df-b358-21c68d0b8332,https://open.spotify.com/track/59GW6EKtdyaJ10t2yQdqrt,GBBKS2200249,0.0694,0.688,0.809,0.88,10.0,0.602,-4.781,0.0,0.0474,126.019,0.615
59QNyVtGhYoDnpO6T1e4yR,ade2d985-faf6-4671-a3ca-d29a1d395ae1,https://open.spotify.com/track/59QNyVtGhYoDnpO6T1e4yR,GBCFB2100678,0.00409,0.667,0.841,0.856,4.0,0.114,-8.93,0.0,0.0423,125.994,0.0392
5CeM3GzD9dvxg3k5m1Karx,749a3901-7641-48d0-9ee4-1513479655d4,https://open.spotify.com/track/5CeM3GzD9dvxg3k5m1Karx,DEU672200034,0.155,0.823,0.391,0.797,4.0,0.102,-11.947,0.0,0.0726,101.991,0.0832
5DfMPwcEud6Xn0VOJCv8AE,4579030f-36f0-4245-9f60-e81e73fd1226,https://open.spotify.com/track/5DfMPwcEud6Xn0VOJCv8AE,US2J70714701,0.021,0.685,0.598,0.742,11.0,0.103,-8.56,0.0,0.0325,126.004,0.868
5FT8BSRVjOxiedA391z0ym,d5038b54-39fc-4594-bd28-0dde0a55c760,https://open.spotify.com/track/5FT8BSRVjOxiedA391z0ym,US25X1900388,0.0201,0.766,0.896,0.828,11.0,0.143,-7.561,0.0,0.0581,127.011,0.58
5H8jHClVFMifcEKr8KasCj,27507985-2db4-4143-bfaa-378bdee7529f,https://open.spotify.com/track/5H8jHClVFMifcEKr8KasCj,DEG931400559,0.0105,0.772,0.778,0.364,7.0,0.109,-8.872,1.0,0.0746,119.998,0.449
5HWybXhMxw8W8t0sUPysxf,2d4dadc1-9fd0-4664-ad88-e1e80b9babd5,https://open.spotify.com/track/5HWybXhMxw8W8t0sUPysxf,USZXT2250522,0.372,0.692,0.659,0.698,6.0,0.0686,-11.904,0.0,0.0428,128.025,0.276
5KfORTCsUKxu5A8wUHw1ZP,c05a2dcd-0317-4de6-b86f-b1d52cea391d,https://open.spotify.com/track/5KfORTCsUKxu5A8wUHw1ZP,DECY51180230,5.31e-05,0.801,0.709,0.879,6.0,0.103,-9.833,1.0,0.0384,123.013,0.832
5KkkVYT0HTdnyBsmUvr4uc,c1a819af-5dfc-4283-873d-146aff43d5ab,https://open.spotify.com/track/5KkkVYT0HTdnyBsmUvr4uc,DEPJ12330050,0.00738,0.508,0.808,0.654,0.0,0.148,-8.494,1.0,0.227,128.042,0.312
5OAGc3QcyycKf9UmVbgX0P,983cc7ae-fb67-4839-9aaf-451dc05a5752,https://open.spotify.com/track/5OAGc3QcyycKf9UmVbgX0P,DEQ202300028,0.551,0.757,0.397,0.903,8.0,0.089,-14.641,1.0,0.0466,120.021,0.0593
5OQzRuRk1rntJ1ertv3tBK,d44ef1d3-e2dd-4735-829f-265df6683e84,https://open.spotify.com/track/5OQzRuRk1rntJ1ertv3tBK,GBENT0144032,0.00387,0.881,0.708,0.00384,9.0,0.0367,-6.563,0.0,0.134,126.019,0.899
5POdVAHO9wsmnvyPIFcrVN,b70a418d-b882-4604-a5c0-db660f208cb2,https://open.spotify.com/track/5POdVAHO9wsmnvyPIFcrVN,DEU672003044,0.0142,0.804,0.711,0.856,11.0,0.103,-11.458,1.0,0.0611,121.008,0.299
5WRyFW04V9DITFhjxOKt8x,24a2a180-2a25-4dbf-929a-8461effa0a5e,https://open.spotify.com/track/5WRyFW04V9DITFhjxOKt8x,DELG71300525,0.0308,0.674,0.762,0.916,10.0,0.111,-11.095,0.0,0.0456,126.002,0.485
5WgW9bG91h4zRUnBr97d6c,dad0736d-8f95-461e-981b-8160357ed08e,https://open.spotify.com/track/5WgW9bG91h4zRUnBr97d6c,DEEC31750049,0.00963,0.775,0.474,0.943,7.0,0.108,-15.341,1.0,0.0636,120.01,0.0376
5XxFY11r0YA6Xoyh1O9WsR,34f640d6-3d8c-4ed2-86e0-570fe02238d7,https://open.spotify.com/track/5XxFY11r0YA6Xoyh1O9WsR,DEEC31400008,0.0122,0.556,0.598,0.905,1.0,0.269,-11.109,1.0,0.0311,117.989,0.142
5Yy0R2CLFPXfrBPLnsI1zN,8ee1545e-d5f2-4b82-977c-c59bd5204901,https://open.spotify.com/track/5Yy0R2CLFPXfrBPLnsI1zN,GBWZD1103303,0.801,0.616,0.431,0.955,3.0,0.356,-18.743,0.0,0.0354,129.992,0.291
5ZgVZYQpKECyEnNAQMF6OA,19933abf-f6fb-4ac1-8b40-1b01eb03ec54,https://open.spotify.com/track/5ZgVZYQpKECyEnNAQMF6OA,DEVY91900040,0.00287,0.778,0.783,0.733,5.0,0.0958,-11.893,0.0,0.0508,124.006,0.647
5az2ICiwCwXheLjBluVvla,43259b02-32dc-4ea3-939a-cdb4fd5bf95c,https://open.spotify.com/track/5az2ICiwCwXheLjBluVvla,DEED40601367,0.004,0.671,0.733,0.556,10.0,0.0903,-7.724,0.0,0.0386,122.998,0.421
5c3flDzU0Eg7GExji6zh85,8ae1d602-6755-4d51-8ea5-0865a51df22e,https://open.spotify.com/track/5c3flDzU0Eg7GExji6zh85,DEPL31100035,0.0106,0.564,0.654,0.905,1.0,0.105,-13.112,1.0,0.04,120.987,0.366
5ekNKqNTF8reaoGIzT2J5j,1ae3432b-274e-4092-830b-6d870d6347f9,https://open.spotify.com/track/5ekNKqNTF8reaoGIzT2J5j,DEBW21700157,0.314,0.747,0.668,0.934,7.0,0.0522,-8.844,0.0,0.0505,123.006,0.679
5fLu4m1r59Sf80ZjweNKBR,0adef5fa-042f-458b-aed7-42a6c1ea1388,https://open.spotify.com/track/5fLu4m1r59Sf80ZjweNKBR,DEBW20500034,0.0394,0.801,0.431,0.811,0.0,0.108,-9.281,1.0,0.129,128.026,0.44
5fVA5uH0SS3wJZjyC1JE5m,8f4c15f5-2821-4eb2-a73d-a08d794922b3,https://open.spotify.com/track/5fVA5uH0SS3wJZjyC1JE5m,USUM72116203,0.0695,0.715,0.562,0.0168,7.0,0.0574,-5.571,0.0,0.0345,126.032,0.418
5lMgTLYfZlW1JTUh7tUTZj,d194957e-770f-4f2a-950f-e55fa16cef57,https://open.spotify.com/track/5lMgTLYfZlW1JTUh7tUTZj,DEDL80901491,0.0165,0.805,0.35,0.8,11.0,0.115,-12.824,0.0,0.0693,124.995,0.275
5mrZkownT1wEALUBUW9x3A,bf8e2205-291f-4e6d-937e-31d56d3aa2d6,https://open.spotify.com/track/5mrZkownT1wEALUBUW9x3A,DEZ651360802,0.000782,0.775,0.725,0.186,3.0,0.0756,-6.082,0.0,0.0409,124.0,0.668
5ocwV5K02UiQzV7Th7Gb07,1358b011-b16e-4da0-838a-60efae42a627,https://open.spotify.com/track/5ocwV5K02UiQzV7Th7Gb07,GBJPB1700675,0.00201,0.649,0.92,0.891,0.0,0.412,-7.018,1.0,0.0515,122.003,0.672
5qhytiPIn0IXQKs9XE98YN,e49d2c7d-b139-4a32-a866-bbbb42f691d3,https://open.spotify.com/track/5qhytiPIn0IXQKs9XE98YN,DEOE82200019,0.0853,0.596,0.872,0.874,9.0,0.417,-9.483,0.0,0.0465,131.004,0.633
5vWy90WX1eyfFUxnKcKSY9,043a51a6-1db4-4113-aad3-90e7ba1c6cac,https://open.spotify.com/track/5vWy90WX1eyfFUxnKcKSY9,NLL561405384,0.00151,0.693,0.916,0.762,10.0,0.0503,-10.356,0.0,0.0818,120.002,0.562
5yVJwxuC8Vm12wdaQ3JZEl,b2aef7c2-22e7-4009-b72d-3c21cccc7a3b,https://open.spotify.com/track/5yVJwxuC8Vm12wdaQ3JZEl,DEMM11600007,0.00683,0.654,0.485,0.927,7.0,0.0562,-17.24,0.0,0.0523,120.996,0.181
60GbFmokUl2iMmE2zBc0eA,bae438d7-137a-438a-a847-21d9ab72ab69,https://open.spotify.com/track/60GbFmokUl2iMmE2zBc0eA,ES70G1400020,0.0392,0.807,0.726,0.885,2.0,0.103,-10.643,0.0,0.049,117.011,0.899
62f9atHMPWe4k1zehD6lKb,d64ffa93-fc0a-4622-89fb-168cb98df574,https://open.spotify.com/track/62f9atHMPWe4k1zehD6lKb,GBEWA2205502,0.0633,0.704,0.509,0.887,2.0,0.0952,-9.583,0.0,0.0311,123.024,0.232
63cAbJhAitcLm54lu5lOIp,821287a6-0eb8-47c0-ad0e-075d37518e74,https://open.spotify.com/track/63cAbJhAitcLm54lu5lOIp,QZBRF1863934,0.788,0.963,0.488,0.866,11.0,0.123,-10.323,0.0,0.205,120.004,0.189
64EfSAF5nxhIfUw1GbPPCC,bc017b01-bffe-46bf-af9e-b640dc4d6195,https://open.spotify.com/track/64EfSAF5nxhIfUw1GbPPCC,GBBPW9900021,0.242,0.552,0.353,0.893,8.0,0.147,-11.821,1.0,0.0296,94.655,0.0381
64TNpXsQO1uX6E1aY4OuWd,2eddefd3-e98a-4eec-b24d-4ac3c78e994a,https://open.spotify.com/track/64TNpXsQO1uX6E1aY4OuWd,DEBW20900054,0.257,0.646,0.523,0.92,9.0,0.0902,-12.051,0.0,0.042,121.004,0.193
66aCsTzxMpkbuGz0VImtUU,13053cee-2229-4d3e-b23c-aff20b89f19d,https://open.spotify.com/track/66aCsTzxMpkbuGz0VImtUU,DEBW60500145,0.472,0.789,0.379,0.862,7.0,0.136,-14.882,1.0,0.0539,121.001,0.403
67UOlZLz6tDEDuScefmWDd,f4a26d38-b2f9-44de-a8dc-4cabdb465406,https://open.spotify.com/track/67UOlZLz6tDEDuScefmWDd,DEU670100052,0.0645,0.506,0.563,0.593,1.0,0.149,-9.274,1.0,0.0535,119.993,0.0753
69G0KhgpJxnyoMianEe35V,073b4c95-d40f-49cf-bafd-8e362f8a9dbc,https://open.spotify.com/track/69G0KhgpJxnyoMianEe35V,USLZJ0903926,0.667,0.806,0.485,0.906,6.0,0.102,-12.314,0.0,0.0774,123.007,0.16
69uPNh3b6VKdMZMbIKYQ1l,54c903e4-ed96-4b42-82db-07df0b8907ee,https://open.spotify.com/track/69uPNh3b6VKdMZMbIKYQ1l,GBCFB2000760,0.0237,0.887,0.823,0.731,5.0,0.593,-7.57,0.0,0.0462,121.993,0.641
6Ao5d7TMQ92h87jQqSHGyw,a5d58150-cbb0-42e6-b029-267da619e810,https://open.spotify.com/track/6Ao5d7TMQ92h87jQqSHGyw,GBAHS1901368,0.0757,0.76,0.669,0.0215,5.0,0.77,-9.105,0.0,0.285,112.023,0.215
6B6arCSUJKsLluF4xJDeuB,b69fd42b-5344-44db-bf9c-972e12603320,https://open.spotify.com/track/6B6arCSUJKsLluF4xJDeuB,UKF342100022,0.341,0.797,0.608,0.872,5.0,0.26,-10.929,0.0,0.0537,116.007,0.704
6BCKFOMM0jeNKnqpf9J4Kz,55a32ddd-d3a4-482b-bd99-f51fea8afd14,https://open.spotify.com/track/6BCKFOMM0jeNKnqpf9J4Kz,ES70G1400018,0.000889,0.744,0.482,0.921,7.0,0.126,-9.982,0.0,0.104,120.062,0.433
6INSqTqDoz6ndc0oKTi0Sq,f2cbc7fb-7a90-424b-a944-7d826ccce2c2,https://open.spotify.com/track/6INSqTqDoz6ndc0oKTi0Sq,GBBPW9700083,0.0398,0.581,0.459,0.881,3.0,0.151,-14.519,0.0,0.0314,119.042,0.316
6J3aUG1y0zSJXOnsLhx41h,6148e79d-1c23-45b0-9cf5-01bf1dd2c426,https://open.spotify.com/track/6J3aUG1y0zSJXOnsLhx41h,DEU671100192,0.0283,0.727,0.39,0.871,7.0,0.0793,-11.856,0.0,0.0384,124.017,0.0894
6JvBKmGbRblvqJZLfuJS6L,c92f2d75-be38-489d-8d68-9a4adbda2cd6,https://open.spotify.com/track/6JvBKmGbRblvqJZLfuJS6L,GBJX32106043,0.279,0.751,0.46,0.914,8.0,0.095,-10.343,1.0,0.0499,127.087,0.368
6KTGcfT8TF69Z9DzLnR7n3,82305196-e407-4a45-be3a-b57b8bcc2691,https://open.spotify.com/track/6KTGcfT8TF69Z9DzLnR7n3,DEU671600070,0.343,0.904,0.304,0.679,0.0,0.088,-16.193,1.0,0.149,125.609,0.485
6KedVnZ73zi29R3SbQAaeA,4ebcc98b-e3d9-4544-8cde-f369e3c334b2,https://open.spotify.com/track/6KedVnZ73zi29R3SbQAaeA,DEMM11300054,0.124,0.352,0.375,0.304,1.0,0.287,-14.924,1.0,0.0434,176.984,0.059
6Njsnqb7BzE0ig0LUh1PcD,1be801b5-1f57-4c3b-95fb-9a5bd1cf5b71,https://open.spotify.com/track/6Njsnqb7BzE0ig0LUh1PcD,DEG931400580,0.0614,0.572,0.589,0.889,1.0,0.0997,-13.375,1.0,0.039,116.337,0.168
6RGFxaeIaZA2yNTO6VO4oL,c662c02b-755e-4873-a69d-c5f6a01a433e,https://open.spotify.com/track/6RGFxaeIaZA2yNTO6VO4oL,DECY61200010,0.0093,0.65,0.704,0.933,0.0,0.0932,-8.994,0.0,0.0429,116.998,0.14
6VZhtBY3ILw5DQnRinxuRw,b617b6f2-96ec-44e7-a529-cbefd91eb524,https://open.spotify.com/track/6VZhtBY3ILw5DQnRinxuRw,GBCKV1215606,0.383,0.825,0.333,0.8,11.0,0.0861,-14.502,0.0,0.0556,121.01,0.382
6WfL1pwMyFf3IvFWLnre4P,ef0c32ae-a680-45b2-92b6-123f86dd50e6,https://open.spotify.com/track/6WfL1pwMyFf3IvFWLnre4P,GBCFB1900053,0.319,0.846,0.737,0.494,0.0,0.0701,-8.611,1.0,0.0643,125.018,0.848
6WqO9gLZu212VEJcVFAYdo,224acfea-fb6f-4535-a877-350b26e62152,https://open.spotify.com/track/6WqO9gLZu212VEJcVFAYdo,DEOE82200013,0.0074,0.555,0.735,0.85,0.0,0.0983,-8.735,0.0,0.0392,138.031,0.32
6XgP5uCZRw96sy1IbT6eED,46466f68-30a2-47be-a09e-6ab15833932e,https://open.spotify.com/track/6XgP5uCZRw96sy1IbT6eED,GBBVL1103251,0.000405,0.797,0.552,0.932,9.0,0.0473,-11.86,0.0,0.0978,120.009,0.531
6Xqbbk0RYC9AcgxOYQ49Nd,f116e2c9-8356-43c6-8755-654d2aa23f1e,https://open.spotify.com/track/6Xqbbk0RYC9AcgxOYQ49Nd,DEVU51745087,0.00134,0.473,0.624,0.0258,6.0,0.129,-8.791,1.0,0.0706,117.858,0.556
6YJTp8v1HisYQO19gej6eb,407d4899-2da1-4376-9887-045f932e8f1d,https://open.spotify.com/track/6YJTp8v1HisYQO19gej6eb,SE2WJ2003001,0.0873,0.447,0.82,0.35,0.0,0.0857,-10.551,1.0,0.0487,122.018,0.173
6Yk8cRZWgpp7cLDbRXctkQ,7b8be89d-575e-4230-8071-07935a1b2855,https://open.spotify.com/track/6Yk8cRZWgpp7cLDbRXctkQ,GB9SC1000029,0.494,0.791,0.473,0.902,7.0,0.372,-12.247,0.0,0.0866,126.0,0.434
6Z4AJ6GVRjdjmbm4TK1Wca,100a4d8f-f745-4f56-be87-8b18afef3f8a,https://open.spotify.com/track/6Z4AJ6GVRjdjmbm4TK1Wca,DGA0S2477631,0.0138,0.828,0.771,0.293,7.0,0.108,-8.52,1.0,0.0564,120.001,0.465
6as5UqLZh1TvhCNOIXDJmK,613ae36b-2086-49c2-a035-8342e74cbe5a,https://open.spotify.com/track/6as5UqLZh1TvhCNOIXDJmK,DEMM11600006,0.0388,0.762,0.768,0.902,5.0,0.11,-12.76,0.0,0.085,119.982,0.047
6b5IJEVYFEZ1YkgZ0oXaJK,c5624d43-f774-409f-8852-e9e58761ea31,https://open.spotify.com/track/6b5IJEVYFEZ1YkgZ0oXaJK,GBCPZ1610502,0.0147,0.823,0.814,0.36,6.0,0.138,-8.723,1.0,0.0391,133.009,0.489
6ckWbwUHRHKlPTYyBFMfgQ,16dcebde-dd5e-4269-8fdb-b3568f09ae2e,https://open.spotify.com/track/6ckWbwUHRHKlPTYyBFMfgQ,DEHM81800057,0.0335,0.709,0.351,0.779,6.0,0.226,-10.608,1.0,0.0398,121.045,0.31
6cnfseLPZpaPq53XYw6NIv,0120dc14-a658-45df-a313-c99bfa669408,https://open.spotify.com/track/6cnfseLPZpaPq53XYw6NIv,GB5KU0900095,0.0772,0.952,0.446,0.92,9.0,0.0717,-15.909,0.0,0.485,127.868,0.857
6d5fwsXEP3U0h5qD1JizGG,72927489-882b-4e0d-a004-79669f2e2589,https://open.spotify.com/track/6d5fwsXEP3U0h5qD1JizGG,DEU670200013,0.504,0.709,0.87,0.891,4.0,0.105,-7.667,0.0,0.0387,124.198,0.517
6dO3t1e3pb7sxyDQbDyVNX,d72f4776-cf0e-4605-b110-0b7f86c0c9b4,https://open.spotify.com/track/6dO3t1e3pb7sxyDQbDyVNX,DETB31800774,0.0317,0.803,0.549,0.0207,1.0,0.328,-7.613,0.0,0.0476,129.392,0.566
6doGRFuSJSkm3dj2EnI2nC,7a4b845b-f2f7-4b43-ac15-a40a678f46aa,https://open.spotify.com/track/6doGRFuSJSkm3dj2EnI2nC,ES70G1200029,0.0145,0.861,0.601,0.852,3.0,0.0559,-7.402,1.0,0.11,107.019,0.276
6gvCpJOpy0cG6DIEvnQzPq,e6a55441-ec57-4edc-9c52-4de67815bec8,https://open.spotify.com/track/6gvCpJOpy0cG6DIEvnQzPq,GB7NR1616303,0.0157,0.757,0.904,0.874,11.0,0.0928,-8.001,1.0,0.0507,124.003,0.541
6hK9E2EopMFgchwvNzdDWi,91295c91-66d6-490d-9d28-5d216c7296e8,https://open.spotify.com/track/6hK9E2EopMFgchwvNzdDWi,GBX2E1100015,0.00106,0.795,0.684,0.66,0.0,0.039,-7.233,1.0,0.0456,113.001,0.332
6ipYeyYFs9H74Xv863rfn3,b9941684-e456-46c8-b5e5-d988f31d5247,https://open.spotify.com/track/6ipYeyYFs9H74Xv863rfn3,GBCYF9600022,0.0232,0.557,0.575,0.0139,9.0,0.0711,-10.591,1.0,0.0389,155.997,0.873
6nHlf0XXqwqzrT6WZi2rdn,1e8db554-2324-410a-b711-f138feeb587d,https://open.spotify.com/track/6nHlf0XXqwqzrT6WZi2rdn,DEHE41100012,0.165,0.836,0.75,0.877,9.0,0.116,-9.778,1.0,0.0497,125.023,0.861
6o6LRX4HHHGKgH7NuMxw6u,53ad51c1-acb6-4a2a-898c-ba3c0b701d05,https://open.spotify.com/track/6o6LRX4HHHGKgH7NuMxw6u,DEU671402364,0.0764,0.688,0.496,0.894,7.0,0.117,-15.994,1.0,0.0519,122.971,0.203
6oFgztj9xWgsdet35wHryC,632fceba-ab3d-420b-9cb1-8d3ed2657703,https://open.spotify.com/track/6oFgztj9xWgsdet35wHryC,DEU671402204,0.0167,0.62,0.735,0.372,7.0,0.0967,-12.661,1.0,0.0416,119.986,0.873
6pe8uuwBkHqKvcvRLcPdRR,ec3ecd10-e70b-41ac-9d4c-bd34b71220c2,https://open.spotify.com/track/6pe8uuwBkHqKvcvRLcPdRR,DEGS11300011,0.0179,0.773,0.265,1.54e-05,11.0,0.084,-17.15,1.0,0.0389,127.987,0.505
6pj2yQlRvxYKLMxMTJaUUT,ec3a110c-f8c3-4844-86ce-fd0ce59d52b1,https://open.spotify.com/track/6pj2yQlRvxYKLMxMTJaUUT,GBBRP0714003,0.164,0.512,0.691,0.000241,8.0,0.11,-6.794,0.0,0.0384,121.807,0.518
6rtZYEzSezhvTYpd3AC10n,5aafe3ae-3301-42d6-8061-352e3a41c128,https://open.spotify.com/track/6rtZYEzSezhvTYpd3AC10n,DEG931400582,7.86e-05,0.681,0.823,0.758,10.0,0.12,-10.144,1.0,0.0312,117.741,0.693
6s6EXfkYD3RmUNDQ6mjGeL,44c7b969-2347-496b-8b42-2f47844c95ef,https://open.spotify.com/track/6s6EXfkYD3RmUNDQ6mjGeL,GBDLP1300828,0.0355,0.645,0.792,6e-06,7.0,0.12,-6.645,1.0,0.0442,120.014,0.189
6u9uzREWKsT76NpTSwwQmM,8099705c-cce5-480e-84c9-f931419d28f8,https://open.spotify.com/track/6u9uzREWKsT76NpTSwwQmM,DEMM11300031,0.24,0.703,0.388,0.893,1.0,0.219,-12.855,1.0,0.0528,120.004,0.171
6uYmBEg4PYcvez44crIr4H,74115794-5233-4190-adef-898a4de4f2e5,https://open.spotify.com/track/6uYmBEg4PYcvez44crIr4H,DEH741301595,0.0556,0.844,0.319,0.443,3.0,0.09,-15.674,1.0,0.0744,120.002,0.377
6ucvqqz22FxhiodmbhW8dQ,8c4deeee-a7c6-4c63-9579-7dcf8177f353,https://open.spotify.com/track/6ucvqqz22FxhiodmbhW8dQ,DEEC31850134,0.00118,0.784,0.928,0.878,10.0,0.0629,-6.785,0.0,0.11,119.997,0.155
6vGbGWyAYhKjBQkYbYK9Ec,e999838a-9a7d-4e8f-8640-247b03f39f37,https://open.spotify.com/track/6vGbGWyAYhKjBQkYbYK9Ec,DEG931791776,0.00068,0.731,0.607,0.477,1.0,0.0519,-10.548,1.0,0.0411,122.028,0.574
6vnss6ot7kP9j7dgAPBt1z,b0bb387f-0311-4450-8aa0-82290441d5cf,https://open.spotify.com/track/6vnss6ot7kP9j7dgAPBt1z,DEEC33500174,0.000391,0.772,0.485,0.847,11.0,0.0913,-14.388,0.0,0.0611,120.0,0.156
6xUWo0j2fFn4k4zg4qACJm,a8d3692b-c2af-409e-96d3-89ed8ba180a6,https://open.spotify.com/track/6xUWo0j2fFn4k4zg4qACJm,DEU671601012,0.00298,0.801,0.554,0.773,8.0,0.0546,-8.036,1.0,0.0474,120.006,0.255
6zil6cE61Yo8fKkw9yxpz5,ab9199e6-9e0c-4d1b-997a-9565500ca33a,https://open.spotify.com/track/6zil6cE61Yo8fKkw9yxpz5,GBXNG2218002,0.681,0.915,0.607,0.85,6.0,0.118,-13.917,0.0,0.24,117.458,0.474
70HugOq2RkgM8k0lw8yezC,a14ebc7f-eef3-4dc7-b590-97bae487b6c4,https://open.spotify.com/track/70HugOq2RkgM8k0lw8yezC,GBAYE1701064,0.0674,0.76,0.686,0.192,9.0,0.171,-6.161,0.0,0.0584,129.984,0.555
71GLvtam4MbGqtQuTd8Z47,fc543994-57ce-42fc-81f1-168084f80bbd,https://open.spotify.com/track/71GLvtam4MbGqtQuTd8Z47,BEP010800105,0.00314,0.751,0.478,0.843,1.0,0.0814,-7.111,1.0,0.101,123.975,0.582
77PMEc4VapQ93om4Znocyd,bc02960f-4500-490c-9361-c6343802d9d4,https://open.spotify.com/track/77PMEc4VapQ93om4Znocyd,NLT321600003,0.886,0.548,0.474,0.47,3.0,0.107,-12.831,0.0,0.0757,114.499,0.432
79FwC0SxThSdlPhhUhMLtc,53205412-28f4-4f59-999f-73ab798b23ba,https://open.spotify.com/track/79FwC0SxThSdlPhhUhMLtc,DELG70900102,0.000324,0.66,0.569,0.705,5.0,0.124,-11.815,1.0,0.0509,124.949,0.676
79fH0w9zPSMC7Grs8DLOi0,07b28297-51c4-4ed3-9c92-ff2c320ab6ab,https://open.spotify.com/track/79fH0w9zPSMC7Grs8DLOi0,FR2T01100022,0.00565,0.835,0.352,0.0637,11.0,0.0918,-14.781,0.0,0.0917,119.971,0.0786
7AVLgpaYZMSwyOLXATjET8,fac69727-e766-447f-8bb3-0cf29829c9ee,https://open.spotify.com/track/7AVLgpaYZMSwyOLXATjET8,FRIDO2514020,0.0448,0.734,0.783,0.868,6.0,0.339,-7.176,0.0,0.0429,133.292,0.936
7BzMNKmiysrPmoer6QuazL,0535f2f6-50c3-410d-94dc-d7429bb80a67,https://open.spotify.com/track/7BzMNKmiysrPmoer6QuazL,DEU672100440,0.021,0.743,0.625,0.843,6.0,0.673,-12.504,1.0,0.0468,93.01,0.175
7GEXaUD7Rhr2pKB5hkYj94,1cb0bf4e-16ae-44f7-983d-e6e44518add4,https://open.spotify.com/track/7GEXaUD7Rhr2pKB5hkYj94,GBCPZ1004121,0.000201,0.807,0.857,0.846,7.0,0.0658,-6.731,0.0,0.0623,127.012,0.0598
7KG1tbxAcDMOgnaVJibY6w,8365e308-a67d-4cb0-a941-f85f7b5f8fe7,https://open.spotify.com/track/7KG1tbxAcDMOgnaVJibY6w,DEK601409046,0.14,0.901,0.592,0.633,0.0,0.108,-11.491,1.0,0.0467,119.991,0.675
7LTjMJYH1qRkcZVwlSRukK,62469614-0689-498c-a552-84219702efad,https://open.spotify.com/track/7LTjMJYH1qRkcZVwlSRukK,DEAF71103905,0.0014,0.851,0.436,0.67,7.0,0.1,-13.006,1.0,0.125,120.003,0.503
7MHjC4y8tMWDV1xA3CpqzX,50c4158f-9041-46e7-b5f1-ddbe4ecfada8,https://open.spotify.com/track/7MHjC4y8tMWDV1xA3CpqzX,GBJPB1500481,0.000108,0.793,0.853,0.664,7.0,0.032,-6.303,1.0,0.0599,120.002,0.62
7MeqyBDAMU218wNmYSG1ei,dbc85379-01a5-4ac0-888d-7a83da26af6a,https://open.spotify.com/track/7MeqyBDAMU218wNmYSG1ei,DEU671500244,0.0192,0.772,0.708,0.584,2.0,0.0671,-11.712,1.0,0.0746,119.008,0.0613
7aiFT0SC4TawbULZ6pGIDz,a725d46e-afc2-4ec1-a076-73f0aedf74af,https://open.spotify.com/track/7aiFT0SC4TawbULZ6pGIDz,DEMM11900020,0.00176,0.686,0.911,0.829,11.0,0.0558,-11.825,1.0,0.0457,119.999,0.315
7c584s9RZQzkJDoC08VDJB,1dce4b3a-4209-4372-a39e-b29a070f9efa,https://open.spotify.com/track/7c584s9RZQzkJDoC08VDJB,GBAHS2201422,0.409,0.705,0.685,0.00171,8.0,0.14,-8.62,0.0,0.043,121.928,0.313
7dFvYtokT2xQH1HvaQgbgY,291fa46f-3c7a-435b-87e7-4300ec95b13f,https://open.spotify.com/track/7dFvYtokT2xQH1HvaQgbgY,DEVU51745092,1.08e-05,0.713,0.6,0.803,5.0,0.0962,-8.967,1.0,0.0623,124.903,0.509
7dU9HecVf3luWkT8FiF0nn,6cdad8c7-93c2-401a-9737-1a5ccca66da7,https://open.spotify.com/track/7dU9HecVf3luWkT8FiF0nn,DET751600012,0.0103,0.779,0.674,0.491,5.0,0.126,-9.481,0.0,0.0402,123.006,0.38
7fpEQcO4biAXiyGCj5LCrX,47b25281-1ea1-4529-b4ef-ead6f563f576,https://open.spotify.com/track/7fpEQcO4biAXiyGCj5LCrX,GBCEL1000402,0.0865,0.475,0.652,0.94,8.0,0.292,-11.193,1.0,0.0564,135.551,0.462
7ghBUfEVPakCzNQmsDCwbl,de80ca07-099a-4c54-9785-f11821cab3eb,https://open.spotify.com/track/7ghBUfEVPakCzNQmsDCwbl,DEAF71103904,0.046,0.734,0.281,0.889,9.0,0.0836,-16.249,1.0,0.125,110.985,0.0547
7goGuD3Mgghof55m06turO,107dd636-951b-40ba-9840-6b8db3ea822f,https://open.spotify.com/track/7goGuD3Mgghof55m06turO,DECK20900339,0.262,0.737,0.65,0.818,3.0,0.0845,-11.195,0.0,0.0372,121.981,0.34
7l32RbwnNT2FKQvFzRBntb,76a885c3-f9c6-4960-a953-e3d89ad2e80a,https://open.spotify.com/track/7l32RbwnNT2FKQvFzRBntb,DECY51118076,8.63e-05,0.827,0.507,0.899,9.0,0.102,-14.017,1.0,0.0828,121.007,0.315
7mDQJxFS7XOtlnNE0XjfSg,c36e6298-a6de-4e2c-a372-668f91c056b4,https://open.spotify.com/track/7mDQJxFS7XOtlnNE0XjfSg,DEN061002191,0.0614,0.796,0.518,0.843,1.0,0.291,-14.115,1.0,0.0769,124.011,0.035
7n0B543eo2Srbbgq5v8FYl,cfa64b8b-fc3b-4357-b0e0-b5388f5ea95d,https://open.spotify.com/track/7n0B543eo2Srbbgq5v8FYl,US4LK1102162,0.126,0.978,0.677,0.189,11.0,0.314,-8.961,1.0,0.0632,122.008,0.301
7nn7gcE4UI1D13wg4R5rnw,ffa2078a-d3e1-4017-b870-427652f90905,https://open.spotify.com/track/7nn7gcE4UI1D13wg4R5rnw,DEMM11600014,0.0446,0.8,0.544,0.88,7.0,0.0879,-13.49,1.0,0.053,119.972,0.285
7q584VOAZLMPaIQ9pedKFl,6d66f5b5-4c38-4106-86c0-3a33d04fc740,https://open.spotify.com/track/7q584VOAZLMPaIQ9pedKFl,GBCFB1900328,0.00217,0.756,0.668,0.837,11.0,0.0796,-10.756,1.0,0.0704,123.97,0.504
7tHr0ZuignrPodrXZWhcJc,c93e5a33-0c48-4d1a-82b2-c8d824215611,https://open.spotify.com/track/7tHr0ZuignrPodrXZWhcJc,UKLV31700008,0.117,0.893,0.537,0.915,10.0,0.0766,-12.032,1.0,0.0783,128.979,0.513
7tktm4bk9obIHaeJkW7Q7B,fe138dd4-02c4-42a9-b6d4-5e60bd7070f6,https://open.spotify.com/track/7tktm4bk9obIHaeJkW7Q7B,GBJX32162703,0.00465,0.812,0.409,0.791,8.0,0.0792,-10.592,1.0,0.0983,123.999,0.595
7w9VCfiVCDNhwnbSgGE045,09e0ac7a-819f-4eda-8026-d867d73dc0fc,https://open.spotify.com/track/7w9VCfiVCDNhwnbSgGE045,DEMM11400020,0.0446,0.746,0.409,0.0026,6.0,0.367,-14.254,0.0,0.118,118.08,0.0839
7wUSn4abkrwe747OERNtbY,bbff9e6b-b6af-4257-a114-ed55e60d0d7c,https://open.spotify.com/track/7wUSn4abkrwe747OERNtbY,DEU672200033,0.638,0.674,0.713,0.861,4.0,0.0905,-15.016,0.0,0.045,110.003,0.251
7wnwueAQ2Srl5rUaLUvG1L,1f0d6bfa-6b74-46b3-94d8-fe390b109d4e,https://open.spotify.com/track/7wnwueAQ2Srl5rUaLUvG1L,GBAL71719002,0.0308,0.624,0.826,0.918,4.0,0.254,-10.179,0.0,0.0476,126.969,0.198
7xSL0McP852S9Zt9vUh8Op,d99b12e6-3356-424f-8901-0f94f3d47ab2,https://open.spotify.com/track/7xSL0McP852S9Zt9vUh8Op,GBPKF1000125,0.0067,0.773,0.503,0.869,1.0,0.122,-9.521,1.0,0.039,125.006,0.0861
