apple_music_id,artist,name,key,bpm,djay_bpm,djay_manual_bpm,apple_music_bpm,djay_am_bpm_diff,open_key,essentia_key,comment,key_diff
F18D44762441D685,Hunee,Rare Hapiness,,120.0,120.0,,120,0.0,Key 4m,Key 1d,Key 10m,12
2B1775639471AB01,Miss Kittin & The Hacker,The Beach,,131.06,131.06,,131,0.06,Key 4m,Key 8m,Key 10m,12
07741A03011E1BB5,Robag Wruhme,Lampetee,,125.0,125.0,,125,0.0,Key 3m,Key 2m,Key 8m,12
014D234E959CB075,Bruce Haack,Haackula 10,,109.4,109.4,,110,-0.6,Key 4m,Key 4m,Key 10m,12
E199F94246DC808F,Luvless,Luvmaschine Original Mix,,114.0,114.0,,114,0.0,Key 8m,Key 8m,Key 1m,10
E3313CDCE9840BC5,Superpitcher,Lonely Lover,,122.01,122.01,,122,0.01,Key 8d,Key 8d,Key 3m,10
89BDC796BA0EA1B4,Gregor Salto & DJ Gregory,Canoa (Original Mix),,127.0,127.0,,127,0.0,Key 4m,Key 9m,Key 4m,10
2C2516EE14975ADC,The Other People Place,Let Me Be Me,,130.72,130.72,,131,-0.28,Key 2m,Key 9d,Key 2m,10
2D29BBF6D48EBBEB,Tourist & Sofia Kourtesis,Your Love (Sofia Kourtesis Remix),,124.0,124.0,,124,0.0,Key 1d,Key 12d,Key 8m,10
B5DDBF859B5359CB,Caserta,Ricky (Thatmanmonkz Remix),,117.0,117.0,,117,0.0,Key 11m,Key 10m,Key 2d,8
4DD2259D7BF5CBEE,FCL,It's You (San Soda's Panorama Bar Version),,119.0,119.0,,119,0.0,Key 7m,Key 9d,Key 11m,8
3F7D2B1E3C9F7AD6,&ME,Solaris,,120.0,120.0,,120,0.0,Key 9m,Key 9m,Key 5m,8
31DEE138BC3F0EAA,DJ Koze,I Want To Sleep,,121.0,121.0,,121,0.0,Key 3m,Key 3m,Key 11m,8
1D9AA4601EDB0414,Black Loops,Velvet,,126.0,126.0,,126,0.0,Key 2m,Key 1d,Key 10m,8
7CB581142AC30B5A,Gui Boratto,Arquipelago (Original Mix),,125.0,125.0,,125,0.0,Key 2m,Key 6m,Key 2m,8
166EC6D01F2DED99,Joe Gray,Tozai,,115.99,115.99,,116,-0.01,Key 6m,Key 9d,Key 8d,6
BD05D30E29518008,Amount,Meme,,117.0,117.0,,117,0.0,Key 7d,Key 7d,Key 4m,6
9E52E935F81BFC5A,Burial & Four Tet,Moth (Original Mix),,117.62,117.62,,117,0.62,Key 3d,Key 3d,Key 12m,6
F1E5202A3AF2C305,Channel Tres,Sexy Black Timberlake,,116.85,116.85,,117,-0.15,Key 3m,Key 3d,Key 12m,6
EA7AE05764D345B1,Genius Of Time,Houston We Have A Problem,,117.0,117.0,,117,0.0,Key 3d,Key 3d,Key 6m,6
77DDE88FACE6EACC,Maxxi Soundsystem feat. Name One,Regrets We Have No Use For (Original Mix),,118.0,118.0,,118,0.0,Key 9d,Key 9d,Key 6m,6
AAAFD64B647C2004,Agaric,No Way I Know I Feel (Axel Boman Remix),,122.0,122.0,,122,0.0,Key 5d,Key 5d,Key 2m,6
AAE2575C020181C6,Acid Arab,Buzq Blues,,123.0,123.0,,123,0.0,Key 6m,Key 9d,Key 6m,6
27D894143F9508AB,Axel Boman,The Best Ever Made Ever,,126.0,126.0,,126,0.0,Key 4d,Key 4d,Key 1m,6
056BB1EDF5E80113,Galcher Lustwerk,In the Place,,126.0,126.0,,126,0.0,Key 11m,Key 2d,Key 2d,6
78FB70119A0E0A0C,Jon Hopkins,Vessel (Four Tet Remix),,135.6,135.6,,136,-0.4,Key 9d,Key 9d,Key 6m,6
7D47F9DD09DC4CB0,Joy Orbison,flight fm,,140.0,140.0,,140,0.0,Key 12m,Key 3d,Key 12m,6
8AED09318A2D73C6,Mano Le Tough,Energy Flow (DJ Koze's Miles&More Remix),,124.0,124.0,,124,0.0,Key 12d,Key 12d,Key 9m,6
D0D59B35BE5EF64D,Marie Davidson,Work It (Soulwax Remix),,125.0,125.0,,125,0.0,Key 2d,Key 2d,Key 11m,6
F189479E77E19F8B,PJ,"Everything In Its Right Place (House, Extended)",,124.0,124.0,,124,0.0,Key 1d,Key 10m,Key 10m,6
57018B55099B6D2E,Chemise,She Can't Love You,,113.76,113.76,,115,-1.24,Key 3m,Key 3m,Key 12d,6
C1AD2BFCE4B81893,Brigade feat. Acud,Meet Me On Pluto!,,110.0,110.0,,110,0.0,Key 10m,Key 9m,Key 11m,4
0DEE241A0C8838C7,San Proper,It's Here,,114.5,114.5,,114,0.5,Key 7m,Key 9d,Key 7m,4
382005B23C1D7E9F,DJ Koze feat. Eddie Fummler,Moving in a Liquid,,118.0,118.0,,118,0.0,Key 7m,Key 6m,Key 8d,4
87DBCC2080C9F69B,Joy Jenkins,Flowers,,120.0,120.0,,120,0.0,Key 12m,Key 10m,Key 12m,4
F87842D38AE99551,Todd Terje,Ragysh,,120.0,120.0,,120,0.0,Key 7d,Key 9m,Key 7m,4
E467A2579072D4BC,Black Loops,Sex,,121.0,121.0,,121,0.0,Key 1m,Key 12m,Key 11m,4
BCF4FFC5EFDDC171,Aluna & KAYTRANADA,The Recipe (Bella Boo Remix),,126.0,126.0,,126,0.0,Key 11m,Key 9m,Key 10m,4
A543179C836D1B52,Audision,Red Sky (Robag Wruhme Remix),,124.01,124.01,,124,0.01,Key 12m,Key 12d,Key 2m,4
4FA902E3391D9161,The Cure,Alone (Four Tet Remix),,129.0,129.0,,129,0.0,Key 1d,Key 1d,Key 11m,4
9E3B1EA114B67B7F,DJ Koze,Hicc Up,,124.52,124.52,,125,-0.48,Key 11m,Key 11m,Key 1m,4
1CB511AB86A1CCAF,Literon,Machine I,,126.0,126.0,,126,0.0,Key 8m,Key 9m,Key 10m,4
C0201242B8135B45,Superpitcher,Mushroom,,125.6,125.6,,126,-0.4,Key 1d,Key 11m,Key 11m,4
EF4C054B23D7E4DF,Brenton Wood,I'm the One Who Knows,,108.3,108.3,,108,0.3,Key 1d,Key 12d,Key 11m,4
C11AE0899701FF43,Frank Ocean,Nights,,80.0,80.0,,80,0.0,Key 11d,Key 9m,Key 11d,4
019465D3643C4897,Khruangbin & Leon Bridges,Texas Sun,,111.6,111.6,,112,-0.4,Key 3d,Key 2d,Key 1m,4
2ABA40573EADB792,Everything But The Girl,Walking Wounded,,78.0,78.0,,78,0.0,Key 6m,Key 5m,Key 5m,2
FFBC0AB56FE356D9,Tomas Barfod,Came To Party,,104.0,104.0,,104,0.0,Key 1m,Key 12d,Key 12d,2
53887FE8DE3E61C9,Jamie xx feat. Romy,Loud Places,,109.0,109.0,,109,0.0,Key 7d,Key 7d,Key 6m,2
E79D41CCE2731E1C,Isabeau Fort & Kalipo,Sometimes,,110.0,110.0,,110,0.0,Key 1m,Key 1d,Key 2m,2
674B680BA2554CBD,Botany,Vision of This Earth Before Our Time,,111.0,111.0,,111,0.0,Key 1d,Key 12m,Key 12m,2
9282BD04501DB3C9,Daniel Bortz,Cuz You're the One,,111.0,111.0,,111,0.0,Key 5m,Key 5m,Key 4m,2
8E94ECE960BCCF63,Fred again..,Kyle (I Found You),,112.0,112.0,,112,0.0,Key 11m,Key 10d,Key 10d,2
4C0C21464BE6AAC7,Lokke & Wodoo Wolcan,00deep und das gefährliche Unterstrassphantom,,113.0,113.0,,113,0.0,Key 7m,Key 7d,Key 6m,2
F09FDE2C9B315F6B,Ninze,Cloud N°7,,115.0,115.0,,115,0.0,Key 8m,Key 7d,Key 7m,2
EFCEB9E3BA4890DA,Maribou State feat. Pedestrian,The Clown (Axel Boman Remix),,116.0,116.0,,116,0.0,Key 1m,Key 12d,Key 1m,2
C8F38A78EF8E1ADC,Morning Factory,Diane's Love,,116.0,116.0,,116,0.0,Key 3m,Key 2m,Key 2m,2
A5AA505409F45D58,Who Made Who,Keep Me In My Plane (DJ Koze's Hudson River Dub),,116.0,116.0,,116,0.0,Key 7m,Key 8m,Key 7m,2
15DFBBABCC01DB5B,Arutani,If It Means This Much To You,,117.0,117.0,,117,0.0,Key 3m,Key 2m,Key 2m,2
39BAACDDD3787B7A,Jacob Mikesh Filburt,At the Ranch (Lauer Remix),,117.0,117.0,,117,0.0,Key 10m,Key 9m,Key 9d,2
5771C71F6D0F631C,kalupke,deep talk,,117.0,117.0,,117,0.0,Key 4m,Key 4m,Key 3m,2
1BFEE25686980D5E,Round,Lucky Star,,117.0,117.0,,117,0.0,Key 12m,Key 11d,Key 11m,2
92657C200C8EACDF,DJ Koze,XTC (Original Mix),,118.0,118.0,,118,0.0,Key 1d,Key 1d,Key 12m,2
9659CB55BA67DBDB,Hodini,Chronic Gangster Boogie,,118.0,118.0,,118,0.0,Key 11m,Key 10m,Key 10m,2
F00223D6C6B750AB,Jitwam,Whereyougonnago?,,118.0,118.0,,118,0.0,Key 12m,Key 11m,Key 11m,2
F237F4D63AAEF7A0,Aleksandir,Dreams,,119.0,119.0,,119,0.0,Key 6m,Key 6d,Key 7m,2
F81B3909CBE1EB61,COMA,Lora (Robag's Fandara Qualv NB),,119.0,119.0,,119,0.0,Key 3d,Key 4d,Key 3m,2
DC02BB77C8212A52,The Invisible feat. Connan Mockasin,K Town Sunset (Tee Mango Summer Daze Revision),,119.0,119.0,,119,0.0,Key 11m,Key 12m,Key 11m,2
6E4FD35EE54F13DE,Superpitcher feat. Fantastic Twins,Brothers,,119.0,119.0,,119,0.0,Key 11m,Key 10d,Key 11m,2
B74337E32768F98F,AQUARIUS HEAVEN,Universe,,120.0,120.0,,120,0.0,Key 3m,Key 3m,Key 2m,2
F62F66B68805BDBE,Bostro Pesopeo,Yes,,120.0,120.0,,120,0.0,Key 1m,Key 12d,Key 12m,2
BDFB1DC0652CF4C9,Daniel Bortz,Wohin Willst Du?,,120.0,120.0,,120,0.0,Key 12m,Key 11m,Key 12m,2
3DD0D7F9D1E50678,Daniela La Luz,Did You Ever,,120.0,120.0,,120,0.0,Key 1d,Key 1d,Key 2m,2
5E92A12B4203D93C,Jabru feat. Joel Culpepper,Church,,120.0,120.0,,120,0.0,Key 1m,Key 1d,Key 2d,2
E534940AE7D7DECC,Jimpster,Porchlight And Rocking Chairs (KiNK Remix),,120.0,120.0,,120,0.0,Key 10d,Key 11d,Key 10m,2
D4FB7B4E63E4CE1D,Jürgen Paape,So Weit Wie Noch Nie,,119.99,119.99,,120,-0.01,Key 8d,Key 8d,Key 9m,2
4F97745F1350A7F2,Keinemusik feat. Ali Love,Confusion,,120.0,120.0,,120,0.0,Key 11m,Key 11m,Key 10m,2
3C9A69D363D15BC0,Keinemusik feat. Sofie,Discoteca Dub,,120.0,120.0,,120,0.0,Key 5m,Key 5m,Key 4m,2
EB6BDDD46026E033,Lady Alma,It's House Music,,120.0,120.0,,120,0.0,Key 11m,Key 10d,Key 11m,2
C2AACE85F0F1733A,Lake People,Point In Time,,120.0,120.0,,120,0.0,Key 5m,Key 5m,Key 4d,2
83D63BB4E26A3B62,Maceo Plex,Her Security,,120.0,120.0,,120,0.0,Key 3d,Key 4d,Key 3d,2
8CFE13D333589EAA,Osunlade,Dionne,,120.0,120.0,,120,0.0,Key 12m,Key 11m,Key 11m,2
DBAB55A461013181,Robag Wruhme,Tulpa Ovi,,120.0,120.0,,120,0.0,Key 2d,Key 2d,Key 1m,2
92D36E5321D323C1,upper class,CONVENTIONAL PARTIES,,120.0,120.0,,120,0.0,Key 3m,Key 2m,Key 2m,2
B77B6DFBB8A700C9,Lawrence,Glow,,121.0,121.0,,121,0.0,Key 12m,Key 11m,Key 12m,2
D5AAE54DB9AA0EB0,She Knows,Thalassa (Original Mix),,121.0,121.0,,121,0.0,Key 7d,Key 8d,Key 8d,2
E785D78D410B38EC,Agoria,Solarized,,121.98,121.98,,122,-0.02,Key 12m,Key 12m,Key 11m,2
5BA2330A0B253778,Ben Pearce,What I Might Do,,122.0,122.0,,122,0.0,Key 11m,Key 10m,Key 10m,2
0F318D760842D049,Dave DK,Will Be Gone,,122.0,122.0,,122,0.0,Key 7m,Key 8m,Key 7m,2
9A50EE5E8F861935,DJ Boring,Winona,,122.0,122.0,,122,0.0,Key 10m,Key 10m,Key 11m,2
0002F679BA418CAA,Galcher Lustwerk,Put On,,121.5,121.5,,122,-0.5,Key 3m,Key 2d,Key 3m,2
FEAE624ED7992809,The White Lamp,It's You (Ron Basejam Remix),,122.0,122.0,,122,0.0,Key 1m,Key 2m,Key 1m,2
6C5D034AB472774F,Andre Lodemann,Where Are You Now,,126.0,126.0,,126,0.0,Key 8m,Key 9m,Key 9m,2
EF8693AB5E7D9420,Barry Can't Swim,Fiorucci Made Me Hardcore,,137.0,137.0,,137,0.0,Key 3m,Key 2m,Key 2m,2
FF70E3BB9A5FF4F3,Bella Boo,True Romance (Maja Edit),,126.0,126.0,,126,0.0,Key 8d,Key 8d,Key 9m,2
4300A02512D36A1E,Butch,Dope,,123.0,123.0,,123,0.0,Key 7m,Key 7d,Key 8m,2
9F92A0939862C627,Calibre,Things like This,,175.0,175.0,,175,0.0,Key 1m,Key 1m,Key 12m,2
758395E81B989F13,Caribou,Sun,,128.0,128.0,,128,0.0,Key 7m,Key 6m,Key 7m,2
0309ABE3B1F56439,Daphni,Tin,,127.0,127.0,,127,0.0,Key 2m,Key 1m,Key 1m,2
5DE7922B6C97D58E,Daso,T. Anders,,128.0,128.0,,128,0.0,Key 1m,Key 1d,Key 12m,2
85E680630CBAEC4A,Dauwd,Ikopol,,126.0,126.0,,126,0.0,Key 12m,Key 11d,Key 11m,2
3ECA64B01BFE8FC3,DJ Koze,Mariposa,,124.01,124.01,,124,0.01,Key 5m,Key 4m,Key 4m,2
4AD3E818EBB15070,DJ Linus,Are You Ready?,,124.0,124.0,,124,0.0,Key 3m,Key 2d,Key 3m,2
6A3412E39F12BDCC,Efdemin,Parallaxis (Traumprinz's Over 2 The End Version),,123.0,123.0,,123,0.0,Key 2d,Key 1d,Key 2m,2
B0B8D7CE7C71D25D,Francis Inferno Orchestra,Harmony,,123.0,123.0,,123,0.0,Key 12m,Key 1m,Key 12m,2
71D9D74FF5B5D989,Fred again..,Dermot (See Yourself In My Eyes),,150.0,150.0,,150,0.0,Key 2d,Key 1d,Key 1d,2
FF4533FB215CA362,Galcher Lustwerk,Outside the Club,,124.0,124.0,,124,0.0,Key 11m,Key 11d,Key 10m,2
8FAC2CC8F72BCE4E,Genius Of Time,Peace Bird,,124.0,124.0,,124,0.0,Key 11m,Key 10m,Key 10m,2
1488CC99DFD56341,Guti,We Shall Overcome,,123.0,123.0,,123,0.0,Key 11m,Key 10m,Key 10m,2
1358E16BE3A17A16,Guti & Dubshape,Every Cow Has A Bird,,124.0,124.0,,124,0.0,Key 6m,Key 6m,Key 5m,2
8690521330EC8AF3,Halo Varga & Proudly People feat. Mr. V,Trust (Einzelkind & Robin Scholz aka Rhythm Factory - Boogie Down Bronx Remix),,126.0,126.0,,126,0.0,Key 12m,Key 1m,Key 12m,2
79F08A5A67F3F3C1,Head High,Break Away,,128.0,128.0,,128,0.0,Key 2d,Key 1d,Key 1m,2
C1582B7F7DA5845E,Herbert,I Hadn't Known (I Only Heard),,123.43,123.43,,123,0.43,Key 8m,Key 7m,Key 8m,2
6F6245FE2326FC93,"Jamie xx, Romy & Oliver Sim",Waited All Night,,136.0,136.0,,136,0.0,Key 2m,Key 1d,Key 2m,2
53630469057C2991,Jeigo,Pearl Leaf,,129.0,129.0,,129,0.0,Key 11m,Key 11d,Key 10m,2
007FD1AF98397066,José González,Heartbeats (Logic1000 Remix),,124.0,124.0,,124,0.0,Key 8m,Key 8m,Key 7m,2
15AAF9129E9097D9,KARO,Come on and do it (Nachtiville Opening 2023),,130.0,130.0,,130,0.0,Key 1m,Key 12m,Key 1m,2
BA5EAC90BC085B11,Larry Heard & Mr. White,The Sun Can't Compare (Long Version),,128.0,128.0,,128,0.0,Key 2m,Key 1d,Key 1m,2
C5F31F7C9A24426C,Map.ache,Thank U Again,,127.0,127.0,,127,0.0,Key 5m,Key 6m,Key 5m,2
BC40BC3F27B7708E,Marcel Fengler,Jaz,,126.0,126.0,,126,0.0,Key 4d,Key 3d,Key 3d,2
07E79E43BE084C3A,Marshall Jefferson & Noosa Heads,Mushrooms (Justin Martin Mix),,125.0,125.0,,125,0.0,Key 5m,Key 4d,Key 5m,2
762C4C36E5998609,Max von Sternberg,Moving (Sofia Kourtesis Remix),,124.0,124.0,,124,0.0,Key 1m,Key 2d,Key 2m,2
1471A80A7AF81A2B,Meera (NO),No Space,,124.0,124.0,,124,0.0,Key 11m,Key 11m,Key 12m,2
5AEE4E32856F28B8,The MFA,The Difference It Makes (Superpitcher Mix),,126.0,126.0,,126,0.0,Key 5m,Key 4d,Key 4d,2
F0E1937D39E39F3D,Moderat,NEON RATS,,131.0,131.0,,131,0.0,Key 1m,Key 12d,Key 1m,2
9BD4637C4A7A2826,Mount Kimbie,Made To Stray (DJ Koze Remix),,125.0,125.0,,125,0.0,Key 8m,Key 8m,Key 7m,2
67FBE81F34F2ABF3,not even noticed,Affected,,135.0,135.0,,135,0.0,Key 2m,Key 1m,Key 1m,2
9E37ABD9453E8FB0,Overmono,Good Lies,,126.0,126.0,,126,0.0,Key 10d,Key 9m,Key 9m,2
2511CA917F76BFD9,Pachanga Boys,Time,,124.0,124.0,,124,0.0,Key 12d,Key 12d,Key 11m,2
3FC1D10C4232E18A,Raphael Schön,Energy,,133.0,133.0,,133,0.0,Key 10m,Key 11m,Key 11m,2
11E443B22327627D,Rework,You're So Just Just,,128.0,128.0,,128,0.0,Key 9m,Key 9d,Key 8d,2
4B7BCE101F0C5705,Róisín Murphy,What Not To Do,,149.0,149.0,,149,0.0,Key 12m,Key 12m,Key 11d,2
F8432D5DF2C13766,Roy Of The Ravers,Emotinium (Roy Of The Ravers Secret Mix),,127.1,127.1,,127,0.1,Key 9m,Key 8d,Key 9m,2
7066908E7CEA3A27,Sofia Kourtesis & Daphni,Unidos,,133.0,133.0,,133,0.0,Key 2m,Key 1m,Key 2m,2
AA6B003CE506D86D,Stardust,Music Sounds Better With You,,123.91,123.91,,124,-0.09,Key 8m,Key 9m,Key 8m,2
EEC86D0C2EC2A9B7,Steffi feat. Virginia,Yours,,125.0,125.0,,125,0.0,Key 12m,Key 1m,Key 1m,2
8409C774C2D44656,Tim Engelhardt,High Places,,124.0,124.0,,124,0.0,Key 8d,Key 7d,Key 8m,2
C0F213BCA151C676,Tony Lionni,Found a Place,,124.74,124.74,,125,-0.26,Key 11m,Key 11m,Key 10m,2
F65FD0EC425C3CA1,Westbam feat. Richard Butler,You Need the Drugs,,128.0,128.0,,128,0.0,Key 7m,Key 6m,Key 6m,2
FC20FA88486DA599,splonie,Do It To Me (Original Mix),,124.0,124.0,,124,0.0,Key 2m,Key 2d,Key 3m,2
BFF411ED275DF3B6,Fred again..,Yasminah (See Your Face Again),,118.0,118.0,,118,0.0,Key 6m,Key 6m,Key 5m,2
298B765C66628A1E,Fred again.. & The Blessed Madonna,Marea (We’ve Lost Dancing),,123.0,123.0,,123,0.0,Key 8m,Key 9m,Key 9m,2
5CCDC20B047FFD66,Ede & Deckert feat. Sargland,"Narciss ""Venice"" Remix",,131.0,131.0,,131,0.0,Key 6m,Key 6m,Key 7m,2
90A0DDFC5B38D7A1,"Fred again.., Jozzy, Jim Legxacy",ten,,128.2,128.2,,128,0.2,Key 3d,Key 3d,Key 2m,2
83D39A3FAF03F6F0,Daphni,Yes I Know,,116.0,116.0,,116,0.0,Key 4m,Key 4m,Key 3d,2
520C6A3A56367859,Weval,Something,,85.0,85.0,,85,0.0,Key 2m,Key 2m,Key 2m,0
0575419A2E6CA0A4,Jamie XX feat. Young Thug & Popcaan,I Know There's Gonna Be (Good Times),,89.5,89.5,,90,-0.5,Key 3m,Key 3m,Key 3m,0
9C828D054A8A2DFA,Constantijn Lange,Snagsens Delight,,93.0,93.0,,93,0.0,Key 6m,Key 6m,Key 6m,0
7CB565F0DF8F5339,Gregor Schwellenbach feat. Christian Buck,Superpitcher’s Tomorrow,,94.0,94.0,,94,0.0,Key 2d,Key 2d,Key 2m,0
180C143AC2928700,Pavla & Noura,Don't Owe Me a Thing,,94.0,94.0,,94,0.0,Key 12d,Key 12d,Key 12m,0
F1387B1A3E935747,Nightmares On Wax,Les Nuits,,94.64,94.64,,95,-0.36,Key 10m,Key 10m,Key 10m,0
500F6975EB363494,Superpitcher,Tomorrow (Original Mix),,94.5,94.5,,95,-0.5,Key 2m,Key 2m,Key 2m,0
8641317169EE5DD9,DJ Koze feat. Ada,Homesick,,97.0,97.0,,97,0.0,Key 1m,Key 1m,Key 1m,0
9BAB5CF0098CAE0E,Al Rajul Al Hadidi,Void,,98.0,98.0,,98,0.0,Key 9m,Key 9m,Key 9m,0
B65843F784D21727,dwig,one for good,,97.5,97.5,,98,-0.5,Key 7m,Key 7m,Key 7m,0
DFBA85DD41B77838,Logic1000,Fused (DJ - Kicks),,98.0,98.0,,98,0.0,Key 4m,Key 4m,Key 4m,0
BEBE2BBCBD21B21E,Niju,Idea of Unity,,100.0,100.0,,100,0.0,Key 1m,Key 1m,Key 1m,0
A86813743D11A6B8,Melanie De Biasio,Afro Blue,,102.0,102.0,,102,0.0,Key 1m,Key 1m,Key 1m,0
42E24D587F0704D8,mytripismytrip,patience,,102.0,102.0,,102,0.0,Key 1d,Key 1m,Key 1m,0
6CDC4C63EAC0C1FC,Nicolas Jaar,Can't See What Is Burning There,,107.0,107.0,,107,0.0,Key 1m,Key 1m,Key 1m,0
FE83082FF58824E7,Ninze,Nice First Song,,107.0,107.0,,107,0.0,Key 10m,Key 10m,Key 10m,0
CE94C1AFB2980B3F,Sailor & I,Tough Love (Aril Brikha Remix),,107.0,107.0,,107,0.0,Key 5d,Key 5d,Key 5d,0
A860D8E7612D05CF,Nutia,Backand4,,108.0,108.0,,108,0.0,Key 2m,Key 2m,Key 2m,0
BBE41E3F08F3D454,Luca Musto,Tight Situation,,109.0,109.0,,109,0.0,Key 12m,Key 12m,Key 12m,0
452361605135D100,Mosley Jr,My Friend Steve,,110.0,110.0,,110,0.0,Key 11m,Key 11m,Key 11m,0
EF2F94C0D2372251,Ray Mang,Look Into My Eyes,,110.0,110.0,,110,0.0,Key 9m,Key 9m,Key 9m,0
DD24B6F784F34BE3,Saâda Bonaire,You Could Be More As You Are,,110.2,110.2,,110,0.2,Key 2m,Key 2m,Key 2m,0
A866C9C0960E60E6,Superpitcher,Little Raver (Original Mix),,110.0,110.0,,110,0.0,Key 10m,Key 10m,Key 10m,0
24CC869366EA91D0,Toro y Moi,Rose Quartz,,110.0,110.0,,110,0.0,Key 10m,Key 10m,Key 10m,0
523903D4C3E6473D,Against All Logic,Such a Bad Way,,111.0,111.0,,111,0.0,Key 9d,Key 9d,Key 9d,0
2EB10433CAD55948,ELIXIR,Aconite,,111.0,111.0,,111,0.0,Key 9m,Key 9m,Key 9m,0
35DC97DB30C08D8A,Andy Pickford,Temple of The Wonklord,,112.0,112.0,,112,0.0,Key 3m,Key 3m,Key 3m,0
ED5428EECDCCB5DC,Behling and Simpson,Left Behind,,113.0,113.0,,113,0.0,Key 2m,Key 2m,Key 2m,0
E7B99ED5908B2FB0,Zohra,Badala Zamana,,112.5,112.5,,113,-0.5,Key 3m,Key 3d,Key 3m,0
A8349B85981555B6,Frank & Tony feat. Gry,Bring the Sun (Vocal),,114.0,114.0,,114,0.0,Key 1m,Key 1d,Key 1m,0
9DD5530EE9F203AC,Letherette,Langsette,,114.0,114.0,,114,0.0,Key 11d,Key 11m,Key 11m,0
87E8CF8A567FA307,Luca Musto,Word,,114.0,114.0,,114,0.0,Key 5m,Key 5m,Key 5m,0
DAB620B71FE46FD6,Superpitcher,Smile It's a New Day,,114.01,114.01,,114,0.01,Key 4m,Key 4m,Key 4m,0
540F34976C192B42,Arutani & Faber,Summon Ghosts,,115.0,115.0,,115,0.0,Key 11m,Key 11m,Key 11m,0
B1BB63F715E1025E,Dorothy's Ghost,Never Said Goodbye (Lee Waxman's Long Hot Disco Mix),,115.0,115.0,,115,0.0,Key 12m,Key 12m,Key 12m,0
4CA015B06EE4512F,Lokke,Tuo Volto,,115.0,115.0,,115,0.0,Key 1m,Key 1d,Key 1m,0
8E85195807BCA9CC,Noir & Haze,Around (Solomun Vox),,115.0,115.0,,115,0.0,Key 9m,Key 9m,Key 9m,0
AA3AEE0E79B9DD66,Voyage,Dynamic,,115.0,115.0,,115,0.0,Key 5m,Key 5m,Key 5m,0
26633170F9D4C17F,WIDE AWAKE,Mint,,115.0,115.0,,115,0.0,Key 2m,Key 2m,Key 2m,0
9390368920ED7093,Yoko Duo,Blowfish (Lake People Remix),,115.0,115.0,,115,0.0,Key 4m,Key 4m,Key 4m,0
2E19A46A360DA756,Dürerstuben,Trunce Zen Dance,,116.0,116.0,,116,0.0,Key 7m,Key 7m,Key 7m,0
5A1B6D51BAE14FCA,Glok,That Time of Night,,116.0,116.0,,116,0.0,Key 10m,Key 10m,Key 10m,0
CD8E3B692D05383C,Hot Natured,Benediction,,116.0,116.0,,116,0.0,Key 1m,Key 1m,Key 1m,0
B00486A7A8036839,Jacob Mikesh Filburt,Philipp Dolphia,,116.0,116.0,,116,0.0,Key 7d,Key 7d,Key 7m,0
D36273B37EB783C5,Neşe Karaböcek,Yali Yali (Todd Terje Edit),,116.0,116.0,,116,0.0,Key 12m,Key 12m,Key 12m,0
1AE21EF973CDAAE5,Pachanga Boys,Drunken Dancer,,115.84,115.84,,116,-0.16,Key 9m,Key 9m,Key 9m,0
0CD11A830061EC94,Arutani,Any Kind of Magic,,117.0,117.0,,117,0.0,Key 8d,Key 8m,Key 8m,0
5F736BC677098D71,DJ Koze feat. Arnim Teutoburg-Weiß und The Düsseldorf Düsterboys,Wie schön du bist,,117.0,117.0,,117,0.0,Key 9m,Key 9m,Key 9m,0
E1AEA68E27474ED4,John Talabot feat. Pional,So Will Be Now,,117.0,117.0,,117,0.0,Key 9m,Key 9m,Key 9m,0
AABC6298806E8E24,Midnight Magic,Beam Me Up (Jacques Renault Remix),,117.0,117.0,,117,0.0,Key 9m,Key 9m,Key 9m,0
1B2B22180EFAB735,Tell,I Lost 200€ In A Club,,117.3,117.3,,117,0.3,Key 8m,Key 8m,Key 8m,0
4D24CEA1A632921F,Andre Bratten,Aegis,,118.0,118.0,,118,0.0,Key 9m,Key 9m,Key 9m,0
E4DC58AA7B1DF31E,Axel Boman,Hello,,118.0,118.0,,118,0.0,Key 11m,Key 11m,Key 11m,0
18D5700DE4E9EEA8,David August,Epikur,,118.0,118.0,,118,0.0,Key 9m,Key 9m,Key 9m,0
E0496ABB8A7468B7,DJ Koze,My Grandmotha,,118.01,118.01,,118,0.01,Key 8d,Key 8d,Key 8d,0
F9CCC4AB6B1C5A54,Galcher Lustwerk,I Neva Seen,,118.0,118.0,,118,0.0,Key 9m,Key 9m,Key 9m,0
182511C4C27EE861,Herbert,It's Only (DJ Koze Remix),,118.0,118.0,,118,0.0,Key 4m,Key 4m,Key 4m,0
9C9B74C419ABE945,HNNY,12 00,,118.0,118.0,,118,0.0,Key 9m,Key 9m,Key 9m,0
568D70A4A1CE7A12,Jamie XX,Sleep Sound,,118.2,118.2,,118,0.2,Key 10m,Key 10m,Key 10m,0
67A577EC2C670048,Jon Hopkins,Sun Harmonics,,118.0,118.0,,118,0.0,Key 2d,Key 2d,Key 2d,0
6D27C19FD271582C,Moderat,Bad Kingdom (DJ Koze Remix),,118.0,118.0,,118,0.0,Key 1m,Key 1m,Key 1m,0
F63DC7BBD15590BC,Robag Wruhme,Nata Alma (Club Smash Hit Version),,118.0,118.0,,118,0.0,Key 1m,Key 1m,Key 1m,0
8173F4FAD776BABF,Super Flu,Jo Gurt (DJ Koze Remix),,118.0,118.0,,118,0.0,Key 2d,Key 2d,Key 2m,0
23C40FC63B65D4C1,Talaboman,Loser’s Hymn,,118.0,118.0,,118,0.0,Key 11m,Key 11m,Key 11m,0
784FE3112B5D8F78,Till von Sein,Love T.K.O.,,118.0,118.0,,118,0.0,Key 1d,Key 1m,Key 1m,0
596127ABBC0D0ADB,Underworld,Born Slippy (Alma & Mater Edit),,118.0,118.0,,118,0.0,Key 10d,Key 10d,Key 10m,0
FEB17DCD707E506D,Aphex Twin,Iz-Us,,119.0,119.0,,119,0.0,Key 7m,Key 7m,Key 7m,0
B00F23DB080BF7F0,Axel Boman,Purple Drank,,119.0,119.0,,119,0.0,Key 3m,Key 3m,Key 3m,0
08BD83E96720653E,DJ Koze,Seeing Aliens,,119.0,119.0,,119,0.0,Key 11d,Key 11d,Key 11m,0
4C5AA18B64864165,Galcher Lustwerk,Parlay,,119.0,119.0,,119,0.0,Key 8m,Key 8m,Key 8m,0
44A1753F543400D0,Iron Curtis,Lucent (Original Mix),,119.0,119.0,,119,0.0,Key 9m,Key 9m,Key 9m,0
470A1860AEAA1392,Aaron Ahrends,Little Space,,120.0,120.0,,120,0.0,Key 12m,Key 12m,Key 12m,0
2660F6523C5E5A2E,Akufen,Train To Barcelona,,120.0,120.0,,120,0.0,Key 3d,Key 3d,Key 3d,0
C3D26DBCA5222E6F,Bicep,Just (Original Mix),,120.0,120.0,,120,0.0,Key 12m,Key 12m,Key 12m,0
5A9BF3C185DF24EB,DAMH,Black Night,,120.0,120.0,,120,0.0,Key 2m,Key 2m,Key 2m,0
A4644980C3C12C92,Daniel Bortz,Boyz 2 Men (Original Mix),,120.0,120.0,,120,0.0,Key 1m,Key 1m,Key 1m,0
09376D4F66C3C9F0,Dave DK,Jelly Legs,,120.0,120.0,,120,0.0,Key 6d,Key 6m,Key 6m,0
2BD1B49B870E4407,DJ Koze,Buschtaxi (Extended Version),,120.0,120.0,,120,0.0,Key 4m,Key 4m,Key 4m,0
08F1F5EC326591AD,DJ Koze feat. Apparat,Nices Wölkchen,,120.0,120.0,,120,0.0,Key 8d,Key 8d,Key 8d,0
F025321382DA4E81,Fango,Betta,,120.0,120.0,,120,0.0,Key 11m,Key 11m,Key 11m,0
D23C23CABEB5894F,Fort Romeau,Secrets & Lies,,120.0,120.0,,120,0.0,Key 11m,Key 11m,Key 11m,0
90DEEA525D379D19,Frankey & Sandrino,Acamar,,120.0,120.0,,120,0.0,Key 1m,Key 1m,Key 1m,0
41A551BAEB36490D,Isolee,I Like It Here Can I Stay,,120.0,120.0,,120,0.0,Key 1m,Key 1m,Key 1m,0
6DAAF4207B02893B,Isolée,Allowance,,120.0,120.0,,120,0.0,Key 1m,Key 1m,Key 1m,0
3E5774F3F7048483,Jackmate feat. Nik Reiff,Pacemaker,,120.0,120.0,,120,0.0,Key 11m,Key 11m,Key 11m,0
1E9D8ED92D9F196F,Jayda G,All I Need (DJ-Kicks),,120.0,120.0,,120,0.0,Key 2m,Key 2m,Key 2m,0
648232C028DB3900,Joe Stawarz,Bee Bear,,120.0,120.0,,120,0.0,Key 1m,Key 1m,Key 1m,0
10E9296E73907B06,Keinemusik,Muyè,,120.0,120.0,,120,0.0,Key 1m,Key 1m,Key 1m,0
9238FFD03190C9BD,Keinemusik feat. Nomi Ruiz,Bumper,,120.0,120.0,,120,0.0,Key 1m,Key 1m,Key 1m,0
216C6CD0D8ED4FF3,Kiasmos,Looped,,120.0,120.0,,120,0.0,Key 11m,Key 11m,Key 11m,0
8C0909A419F9090F,Leafar Legov,Cenote,,120.0,120.0,,120,0.0,Key 11m,Key 11m,Key 11m,0
6E34CB8920673D5A,Leon Vynehall,Time,,119.99,119.99,,120,-0.01,Key 4m,Key 4d,Key 4m,0
08439A02DF1A9AFD,Leon Vynehall,Butterflies,,120.0,120.0,,120,0.0,Key 10m,Key 10m,Key 10m,0
87DE3E4D500A6326,Les Sins,Grind,,120.0,120.0,,120,0.0,Key 8m,Key 8m,Key 8m,0
4F1A1C84302A5643,"&ME, Black Coffee, Keinemusik",The Rapture Pt.III,,120.0,120.0,,120,0.0,Key 1m,Key 1m,Key 1m,0
A9E68047C200943C,Portable feat. L_Cio,Surrender,,120.0,120.0,,120,0.0,Key 3d,Key 3d,Key 3d,0
1D132A540BB1E3BB,Powel,I Don't Waste My Tears on You,,120.0,120.0,,120,0.0,Key 11d,Key 11m,Key 11m,0
832A2663B062330B,Rampa,Necessity,,120.0,120.0,,120,0.0,Key 3m,Key 3d,Key 3m,0
0B621477B8A7D2EC,Róisín Murphy,You Knew,,120.0,120.0,,120,0.0,Key 11m,Key 11m,Key 11m,0
9E42D4E97FFAF2DF,Roman Flugel,9 Years (DJ Koze Remix),,120.0,120.0,,120,0.0,Key 9m,Key 9m,Key 9m,0
C9571F4CEC1ED5F4,Round,Glass,,120.0,120.0,,120,0.0,Key 11m,Key 11m,Key 11m,0
10CFE3128605CD0C,Shinichi Atobe,Regret,,120.0,120.0,,120,0.0,Key 8m,Key 8m,Key 8m,0
2520C1C0F69312D5,Todd Terje,Inspector Norse,,119.98,119.98,,120,-0.02,Key 12m,Key 12d,Key 12d,0
DF2ADE8C94D51A02,upper class,SIX MILLION,,120.0,120.0,,120,0.0,Key 12m,Key 12m,Key 12m,0
D5CDD75C13D0D4F7,Youandewan,Ego,,119.99,119.99,,120,-0.01,Key 12m,Key 12m,Key 12m,0
AEB2CA34ACE1C8B2,Aleksandir,Yamaha,,121.0,121.0,,121,0.0,Key 10m,Key 10m,Key 10m,0
E1C641DCCDFDD8C8,Dave DK,Don't Eat The Homies,,121.0,121.0,,121,0.0,Key 6m,Key 6m,Key 6m,0
901AABA21FF35C60,DJ Phono,Knarhcslhük Mi Ttinhcsfua Hcon Ebah Hci,,121.0,121.0,,121,0.0,Key 11m,Key 11m,Key 11m,0
C6A87418766615D8,Dominik Eulberg,Sansula (Max Cooper's Lost In Sound Mix),,121.0,121.0,,121,0.0,Key 1m,Key 1m,Key 1m,0
1D64C96744B0A29D,Gwilym Gold & Doc Daneeka,Lust For Sale (MGF Mix),,121.0,121.0,,121,0.0,Key 9m,Key 9m,Key 9m,0
302F0B1F50D10983,Maceo Plex,Can't Leave You (Original Mix),,121.0,121.0,,121,0.0,Key 12m,Key 12m,Key 12m,0
7D2696CC869AC6FE,Map.Ache,Enola (Original Mix),,121.0,121.0,,121,0.0,Key 1m,Key 1m,Key 1m,0
92B023E6C70585D7,Midlake,Roscoe (Beyond The Wizard's Sleeve Remix),,121.7,121.7,,121,0.7,Key 6d,Key 6m,Key 6m,0
8A3CC2B09F9F58EC,Moodymann,Shades Of Jae,,120.6,120.6,,121,-0.4,Key 11m,Key 11m,Key 11m,0
44E9B76691489766,Nhar,Warp 8,,121.0,121.0,,121,0.0,Key 5m,Key 5m,Key 5m,0
BF1C20734E72D671,Norken & Deer,Remember that feeling,,121.0,121.0,,121,0.0,Key 3m,Key 3m,Key 3m,0
4A6173BA6EDA3E17,Panthera Krause,Through My Mind,,121.0,121.0,,121,0.0,Key 9d,Key 9d,Key 9d,0
9D6A87CE6E9C5AEB,Recondite,Felicity,,121.0,121.0,,121,0.0,Key 8m,Key 8m,Key 8m,0
35FF2AC3C03930B3,Axel Boman,Eyes Of My Mind,,122.0,122.0,,122,0.0,Key 1d,Key 1d,Key 1d,0
4E23F5999F4ADA54,Bibio,Lovers Carvings (Catz 'n Dogz Re-edit),,122.0,122.0,,122,0.0,Key 9m,Key 9m,Key 9m,0
5C8D5C366A147A5F,DJ Phono,Gone,,122.0,122.0,,122,0.0,Key 10m,Key 10d,Key 10m,0
08A6CCAE26C23727,Dorisburg,Emotion,,122.0,122.0,,122,0.0,Key 1m,Key 1m,Key 1m,0
BBE9727E4AD570C5,Fred again..,Bleu (better with time),,122.0,122.0,,122,0.0,Key 6d,Key 6d,Key 6m,0
76230A9587858ECB,Guti,Patio de juegos,,122.0,122.0,,122,0.0,Key 3m,Key 3m,Key 3m,0
1B657917DDE8715F,Guy Gerber,What To Do (&ME Remix),,122.0,122.0,,122,0.0,Key 10m,Key 10m,Key 10m,0
2FCE90810D43D250,Keinemusik,What You Expected,,122.0,122.0,,122,0.0,Key 2m,Key 2m,Key 2m,0
80A9B2ECA6354653,Lauer feat. Dena,Make It Stay (Boris Dlugosch Remix),,122.0,122.0,,122,0.0,Key 1d,Key 1d,Key 1d,0
F451BE37AF8B29B0,Maceo Plex,Your Style (Maceo Plex Re-visit),,122.0,122.0,,122,0.0,Key 9m,Key 9m,Key 9m,0
CA00063A89738F0F,Robag Wruhme,Venq Tolep (Hit Club Version),,122.0,122.0,,122,0.0,Key 2d,Key 2d,Key 2d,0
3F3162C9AFC5DAD7,Sofia Kourtesis,By Your Side,,122.0,122.0,,122,0.0,Key 9m,Key 9m,Key 9m,0
971C7032A4AFEEF3,Sofia Kourtesis,Si Te Portas Bonito,,122.0,122.0,,122,0.0,Key 4m,Key 4m,Key 4m,0
8F70D147B185D9CF,TEE MANGO,Of All The Places Left To Dance (Original Mix),,122.0,122.0,,122,0.0,Key 2m,Key 2m,Key 2m,0
4EAEF206AC1D3A00,Ada,Faith,,125.0,125.0,,125,0.0,Key 4m,Key 4m,Key 4m,0
D0E6FA29DAF01D26,Agoria,Dust,,123.98,123.98,,124,-0.02,Key 10m,Key 10m,Key 10m,0
E6F780AAFA6BE763,Albion,Air (Oliver Lieb Remix) Remastered,,137.16,137.16,,137,0.16,Key 1m,Key 1m,Key 1m,0
9E9533C576EC74EC,Aphex Twin,Windowlicker,,123.0,123.0,,123,0.0,Key 10m,Key 10m,Key 10m,0
D8F8531EF1F82D4C,Asa Tate / Tech Support,Friends,,125.0,125.0,,125,0.0,Key 7m,Key 7d,Key 7m,0
963A3D933E88D59E,AURORA,Some Type Of Skin (Sofia Kourtesis Remix),,127.0,127.0,,127,0.0,Key 10d,Key 10d,Key 10d,0
09A7D03CA9302E8D,Bicep,Celeste,,125.0,125.0,,125,0.0,Key 12d,Key 12m,Key 12m,0
485E79B919CFA501,Bicep,Glue (Original Mix),,130.0,130.0,,130,0.0,Key 2m,Key 2m,Key 2m,0
74ED830B8CE52CEE,Bicep,Opal (Four Tet Remix),,127.0,127.0,,127,0.0,Key 1d,Key 1d,Key 1m,0
F30FD573AA905C49,Blaze,Lovelee Dae (Original),,124.15,124.15,,124,0.15,Key 11m,Key 11m,Key 11m,0
E5EC4C8DDB60F85C,Bonobo feat. O’Flynn,Otomo,,126.0,126.0,,126,0.0,Key 2m,Key 2m,Key 2m,0
52CC025E20F6240D,Caribou,Can't Do Without You,,128.0,128.0,,128,0.0,Key 1d,Key 1d,Key 1m,0
C2D86B04CA43F2F0,Caribou,Julia Brightly,,140.0,140.0,,140,0.0,Key 2d,Key 2d,Key 2d,0
A1E58DC6E59B13D7,Caribou,Never Come Back,,128.0,128.0,,128,0.0,Key 12m,Key 12m,Key 12m,0
49FAB4A481EA5430,Cerrone,Supernature,,123.5,123.5,,123,0.5,Key 10m,Key 10m,Key 10m,0
5ADCCB53D961D8BC,Cinthie,Together (Original),,123.0,123.0,,123,0.0,Key 5m,Key 5d,Key 5d,0
4176BE0601188FE8,Closer Musik,Maria,,124.22,124.22,,124,0.22,Key 2d,Key 2m,Key 2m,0
0145505CEA9F61FF,The Cyclist,Pressing Matters (Robag's Pinvoldex Sull NB),,123.0,123.0,,123,0.0,Key 12m,Key 12d,Key 12m,0
26F2DF07E1682CD2,Daft Punk,Make Love,,133.1,133.1,,133,0.1,Key 7m,Key 7m,Key 7m,0
95ECE6DA1873356A,Dan Ghenacia & Shonky,Close To The Edge (Original Mix),,124.0,124.0,,124,0.0,Key 7m,Key 7m,Key 7m,0
C8BE58D195D42AD0,Daniel Mehlhart,Nebelschwaden,,125.0,125.0,,125,0.0,Key 7m,Key 7m,Key 7m,0
3BA5F56BC7360BBD,Daphni,Cloudy (Kelbin Remix),,134.0,134.0,,134,0.0,Key 3m,Key 3m,Key 3m,0
50E6A69C3634182A,Daphni,Waiting So Long,,133.3,133.3,,133,0.3,Key 4m,Key 4m,Key 4m,0
EB374DC192EA65F1,Daso,Meine,,126.0,126.0,,126,0.0,Key 4m,Key 4m,Key 4m,0
CBC687708500E950,Dinky,Casa (Axel Boman Dub Mix),,124.0,124.0,,124,0.0,Key 7m,Key 7m,Key 7m,0
0216E09610CF651D,DJ Heartstring,BAE,,150.0,150.0,,150,0.0,Key 1m,Key 1m,Key 1m,0
3F66709677E5FD10,DJ Koze,Pick Up,,124.9,124.9,,125,-0.1,Key 12d,Key 12d,Key 12d,0
5141F49D0DFBA52A,DJ Koze,Blume Der Nacht (Original Mix),,123.0,123.0,,123,0.0,Key 10m,Key 10m,Key 10m,0
248D72C9CCB20056,DJ Seinfeld,U (Original Mix),,126.0,126.0,,126,0.0,Key 10d,Key 10d,Key 10d,0
F288C91BA8E4E5E1,Dntel,(This Is) The Dream of Evan and Chan (Superpitcher Kompakt Remix),,127.0,127.0,,127,0.0,Key 9m,Key 9m,Key 9m,0
D356A356573B80DF,Dominik Eulberg & Essay,Dream Machine,,123.0,123.0,,123,0.0,Key 12d,Key 12d,Key 12d,0
5D4E1CBF05F9ABD7,Efdemin,There Will Be Singing (DJ Koze Remix),,124.0,124.0,,124,0.0,Key 1m,Key 1m,Key 1m,0
BDE8DB89E8B52164,Four Tet,Lush,,133.0,133.0,,133,0.0,Key 5d,Key 5m,Key 5m,0
0ABB024F6D478966,Four Tet,Baby,,127.0,127.0,,127,0.0,Key 12m,Key 12m,Key 12m,0
E55678B9533CB189,Fred again..,Tate (How I Feel),,125.1,125.1,,125,0.1,Key 1d,Key 1d,Key 1d,0
26331470FB5B82FA,Fred again..,Delilah (pull me out of this),,134.0,134.0,,134,0.0,Key 11m,Key 11d,Key 11m,0
E88EE00C7D621D56,Fred again..,Danielle (smile on my face),,130.0,130.0,,130,0.0,Key 12m,Key 12d,Key 12d,0
DB44FAAD8317917B,Fred again..,Diana (You Don't Even Know),,123.0,123.0,,123,0.0,Key 12m,Key 12m,Key 12m,0
3593352EB5B1F992,"Fred again.., Obongjayar",adore u,,124.0,124.0,,124,0.0,Key 1d,Key 1d,Key 1d,0
91EB327D3516EA59,Fünf Sterne Deluxe,Schund (Super Flu’s No Champier Mix),,123.0,123.0,,123,0.0,Key 10m,Key 10m,Key 10m,0
6E8BE67AAA519E71,Gabriel Ananda & Maceo Plex,Solitary Daze (Original Mix),,125.0,125.0,,125,0.0,Key 7m,Key 7m,Key 7m,0
DF5BAB509EB6AB86,Galcher Lustwerk,Enterprise,,123.83,123.83,,124,-0.17,Key 5m,Key 5m,Key 5m,0
904959D73E2AB42E,Genius Of Time,Sunswell,,124.0,124.0,,124,0.0,Key 3d,Key 3d,Key 3d,0
7F38B0F7244C2BDF,Gold Panda,Black Voices,,123.0,123.0,,123,0.0,Key 1m,Key 1m,Key 1m,0
C69463D8C96BA3ED,Gorillaz feat. D.R.A.M.,Andromeda (Bonobo Remix),,130.0,130.0,,130,0.0,Key 1m,Key 1m,Key 1m,0
55F816AA0CBBEDB0,Grauzone,Raum (ATA's Extended Mix),,127.0,127.0,,127,0.0,Key 1m,Key 1m,Key 1m,0
0055EA86F7078C36,Grauzone,Eisbär,,129.4,129.4,,129,0.4,Key 4m,Key 4m,Key 4m,0
5F59829A39B08FA2,Guti,All The Girls,,125.0,125.0,,125,0.0,Key 1m,Key 1m,Key 1m,0
17B4330D61A5C815,Isaac Tichauer,Higher Level (Bicep Remix),,123.0,123.0,,123,0.0,Key 11m,Key 11m,Key 11m,0
2DA4F000FFE00C9B,Jamie xx,Far Nearer,,127.0,127.0,,127,0.0,Key 1m,Key 1d,Key 1m,0
253B6E3462FB7E7B,Jasper Tygner,Need You (Extended Edit),,128.0,128.0,,128,0.0,Key 4m,Key 4m,Key 4m,0
ED01A1377BB828D4,Jayda G,Both of Us,,124.0,124.0,,124,0.0,Key 6m,Key 6d,Key 6m,0
07742BC963820C46,Jean Jacques Smoothie,2 People,,130.0,130.0,,130,0.0,Key 3m,Key 3m,Key 3m,0
CD5FECFC9CDE127D,Joeski feat. Jesánte,How Do I Go On,,123.0,123.0,,123,0.0,Key 3m,Key 3m,Key 3m,0
F94EE46059DEC13A,"Joey Negro, Akabu",Another World (Andre Lodemann Mix),,125.0,125.0,,125,0.0,Key 9m,Key 9m,Key 9m,0
0D3736BC4A750E53,Kalyma,Tokyo,,124.0,124.0,,124,0.0,Key 10m,Key 10m,Key 10m,0
524C9604FC6549AE,KARO,Nachti Opening 2023,,129.0,129.0,,129,0.0,Key 8m,Key 8m,Key 8m,0
465947DADD362158,Keinemusik feat. Nomi Ruiz,Pussy Power,,124.0,124.0,,124,0.0,Key 1m,Key 1m,Key 1m,0
38BA7B097FF2D34F,Kiasmos,Blurred (Bonobo Remix),,125.0,125.0,,125,0.0,Key 5m,Key 5m,Key 5m,0
4037FE4D70AB3631,Kings of Tomorrow feat. April,Fall for You (Sandy Rivera's Classic Mix),,123.0,123.0,,123,0.0,Key 11m,Key 11m,Key 11m,0
67779860694F2FA7,Lake People / Llewellyn / Amrint Keen,Cooping - Map.ache Remix,,123.0,123.0,,123,0.0,Key 12m,Key 12m,Key 12m,0
AD1AD9612533B0CC,Lauer,Antinat,,123.0,123.0,,123,0.0,Key 1d,Key 1d,Key 1d,0
E66658C1D3D21605,Luca Albano,Calinda (Francesco Bonora Remix),,125.0,125.0,,125,0.0,Key 10m,Key 10m,Key 10m,0
50A022C2E70C901B,Magnetic Family,Ode,,126.0,126.0,,126,0.0,Key 1d,Key 1d,Key 1d,0
822EBDC8F5ED6091,Mario & Vidis feat. Ernesto,Changed,,122.9,122.9,,123,-0.1,Key 2m,Key 2m,Key 2m,0
5054161723F1344A,Martyn feat. Four Tet,Glassbeadgames,,123.99,123.99,,124,-0.01,Key 1m,Key 1m,Key 1m,0
0B96594B3C795661,Max Cooper feat. Wilderthorn,Volition (Robag Wruhme’s Botnax Caal Remix),,124.0,124.0,,124,0.0,Key 4d,Key 4d,Key 4m,0
C401C466C1868D8C,Maya Jane Coles,Humming Bird (Original Mix),,125.0,125.0,,125,0.0,Key 8m,Key 8m,Key 8m,0
DC08137A23A8469D,Michael Mayer feat. Joe Goddard,For You (DJ Koze Mbira Remix Full Version),,124.0,124.0,,124,0.0,Key 5d,Key 5d,Key 5d,0
38C524D2E5DB34AB,Midland,Final Credits,,133.0,133.0,,133,0.0,Key 9m,Key 9m,Key 9m,0
460BACC52EB03A1A,Midland,Through Motion,,125.0,125.0,,125,0.0,Key 2m,Key 2m,Key 2m,0
9ED9213664B23254,Moderat,EASY PREY,,138.0,138.0,,138,0.0,Key 11d,Key 11m,Key 11m,0
BE8BB320C4206697,Nils Frahm,Familiar (Original Mix),,130.0,130.0,,130,0.0,Key 7m,Key 7m,Key 7m,0
E787A0DD5AA3F688,Nina Simone & HONNE,My Baby Just Cares For Me (HONNE Remix),,126.0,126.0,,126,0.0,Key 11d,Key 11d,Key 11d,0
E869256769BD027D,Panthera Krause,Heppy,,123.0,123.0,,123,0.0,Key 7m,Key 7m,Key 7m,0
FE30DE191A52F53D,Phonique feat. Erlend Øye,For The Time Being,,123.0,123.0,,123,0.0,Key 4m,Key 4m,Key 4m,0
264E28DED667C5BD,Rezident,Echoes,,123.0,123.0,,123,0.0,Key 12m,Key 12m,Key 12m,0
B7495B9A8962DA70,Rita Lee & Axel Boman,Lança Perfume (Axel Boman Remix),,125.0,125.0,,125,0.0,Key 3d,Key 3d,Key 3d,0
7AD780FA846BB6A4,Rival Consoles,Recovery,,155.0,155.0,,155,0.0,Key 4m,Key 4m,Key 4m,0
BA2C87BDAF8EF848,Robag Wruhme,Calma Calma,,125.0,125.0,,125,0.0,Key 11m,Key 11m,Key 11m,0
0062C12EBBD5ECA8,Roman Flügel,How To Spread Lies,,123.0,123.0,,123,0.0,Key 7m,Key 7m,Key 7m,0
FF73ED1E1D9E2D51,Ross from Friends,The Daisy,,132.0,132.0,,132,0.0,Key 6m,Key 6m,Key 6m,0
89B8EE35C2D3A29E,Ross From Friends,Epiphany,,127.0,127.0,,127,0.0,Key 6m,Key 6m,Key 6m,0
92890EF8F0830116,Ross From Friends,High Energy,,129.0,129.0,,129,0.0,Key 6m,Key 6m,Key 6m,0
EAD59D57121C383B,Ross from Friends,Talk To Me You'll Understand,,126.0,126.0,,126,0.0,Key 5m,Key 5m,Key 5m,0
E78372A6A1E071CA,Shingo Nakamura & Kazusa,Move On (Tim Engelhardt Love Mix),,125.0,125.0,,125,0.0,Key 7d,Key 7d,Key 7m,0
FD531212953B9F0D,SILK,Quiver,,131.0,131.0,,131,0.0,Key 8d,Key 8d,Key 8d,0
2BD39B04738AE3B1,Sofia Kourtesis,Vajkoczy,,124.0,124.0,,124,0.0,Key 1d,Key 1d,Key 1d,0
EDD5234D8D0E6A4C,Soul Capsule,Lady Science (NYC Sunrise),,127.87,127.87,,128,-0.13,Key 2m,Key 2m,Key 2m,0
5ADAE87D89FC969B,Soulful Session & Lynn Lockamy,Hostile Takeover,,126.0,126.0,,126,0.0,Key 1m,Key 1m,Key 1m,0
3D049E7DC8D6F93B,Superpitcher,Rabbits In A Hurry (Sascha Funkes JD Is The One Rabbits Remix),,125.0,125.0,,125,0.0,Key 3m,Key 3m,Key 3m,0
F7D29E6DDEE800A2,Superpitcher,Tonite,,124.0,124.0,,124,0.0,Key 6m,Key 6m,Key 6m,0
7F339AAC12FC35D1,Tom Bioly,Street Beat (Map.ache Remix),,128.0,128.0,,128,0.0,Key 11m,Key 11m,Key 11m,0
432DDF30DEF0C399,TSHA,Sacred,,123.0,123.0,,123,0.0,Key 1m,Key 1m,Key 1m,0
6CD6B2C532382FBE,Westbam feat. Nena,Oldschool Baby (Piano Mix),,130.5,130.5,,131,-0.5,Key 8m,Key 8m,Key 8m,0
CABF37CC5173999D,Weval,ON (Extended Version),,124.0,124.0,,124,0.0,Key 7m,Key 7m,Key 7m,0
2FBA7DEDA127FF5C,The XX,On Hold (Jamie xx Remix),,128.2,128.2,,128,0.2,Key 10d,Key 10m,Key 10m,0
13A608DB0ADACEA8,Yaeji,Raingurl,,128.0,128.0,,128,0.0,Key 3m,Key 3m,Key 3m,0
5CD77C179587250F,Youandewan,1988 (Original Mix),,123.0,123.0,,123,0.0,Key 4m,Key 4m,Key 4m,0
5A7139B203A4BC30,Zone+,Infinite Galaxy,,124.0,124.0,,124,0.0,Key 11m,Key 11m,Key 11m,0
78334582983C4C88,박혜진 park hye jin,I DON'T CARE,,124.0,124.0,,124,0.0,Key 4m,Key 4m,Key 4m,0
E2E77C90489E90B7,Róisín Murphy,Overpowered,,117.0,117.0,,117,0.0,Key 7m,Key 7m,Key 7m,0
5945D30199512AFA,BLVTH,Mars,,103.0,103.0,,103,0.0,Key 11m,Key 11m,Key 11m,0
52C0CD1F4BE7F58F,Soulwax,Essential Eleven,,123.98,123.98,,124,-0.02,Key 3m,Key 3m,Key 3m,0
0AD2023331278751,Baby's Berserk,Toxic Kisses,,127.8,127.8,,128,-0.2,Key 2d,Key 2d,Key 2m,0
57128F04991AE3CC,Lime,I Don't Wanna Lose You (Club Mix),,123.04,123.04,,123,0.04,Key 2m,Key 2m,Key 2m,0
19CA5A21D96E2818,KiNK,Perth (Original Mix),,125.0,125.0,,125,0.0,Key 10m,Key 10m,Key 10m,0
CF696041547504DC,Fred again..,Billie (Loving Arms),,128.0,128.0,,128,0.0,Key 11d,Key 11d,Key 11m,0
BFAF9FD4FC30DE07,Fred again..,Tanya (Maybe Life),,128.0,128.0,,128,0.0,Key 12d,Key 12d,Key 12d,0
1C66AD2EF0F51069,Fred again..,Kammy (like i do),,132.0,132.0,,132,0.0,Key 11m,Key 11m,Key 11m,0
8A199622438817C9,Kerri Chandler & Jerome Sydenham feat. Troy Denari,You're in My System (Dennis Quin Vocal Mix),,123.0,123.0,,123,0.0,Key 7m,Key 7m,Key 7m,0
16BA3DE2723A987A,Loods & Grab,Love Is Real,,130.0,130.0,,130,0.0,Key 11d,Key 11d,Key 11m,0
D73062E5557C730F,Jamie Jones,My Paradise,,128.0,128.0,,128,0.0,Key 8m,Key 8m,Key 8m,0
480A48B019FE6E76,Whirlpool Productions,From: Disco To: Disco (Remastered),,123.87,123.87,,124,-0.13,Key 5m,Key 5m,Key 5m,0
68D8D67B01C2FE0D,Sylvester,You Make Me Feel (Mighty Real),,131.9,131.9,,132,-0.1,Key 9m,Key 9m,Key 9m,0
BDD6D7ACE00C4EEE,dreamcastmoe,(301)341-7207,,73.5,73.5,,73,0.5,Key 11m,Key 11m,Key 11m,0
2294DB4B174ED118,NxWorries,Suede,,117.0,117.0,,117,0.0,Key 12m,Key 12m,Key 12m,0
269C195EF4500C3B,Danny Brown,Grown Up,,93.46,93.46,,94,-0.54,Key 6m,Key 6m,Key 6m,0
87C1343D370D89DD,Mykki Blanco,Free Ride,,112.0,112.0,,112,0.0,Key 11m,Key 11m,Key 11m,0
E06B27FFE5FD1A73,Romy & Fred again..,Strong,,134.0,134.0,,134,0.0,Key 5d,Key 5d,Key 5d,0
527A3F0165F276D2,Galcher Lustwerk,I Neva Seen,,118.0,118.0,,118,0.0,Key 9m,Key 9m,Key 9m,0
DCB67284F1C9495E,Nic Fanciulli & Black Circle,Blessed (Extended Mix),,126.0,126.0,,126,0.0,Key 4m,Key 4m,Key 4m,0
CD928B20D991BFBD,Jamie Jones,My Paradise (Extended Mix),,128.0,128.0,,128,0.0,Key 8m,Key 8m,Key 8m,0
